1	1	290424.13198951836	5038577.45672704	295244.2439920317	5048310.671634226
2	1	292973.8570094392	5038853.327093285	297845.6037624053	5050237.245570246
3	1	300069.9307576501	5052020.773548754	296934.0825311556	5040082.797341071
4	1	295575.0389856298	5036051.941328658	294479.7089840206	5043668.6186554395
5	1	293772.94272044173	5043882.1489166375	295352.00725027936	5047590.526331042
6	1	296478.3362995273	5041340.664901819	299201.83195782267	5042539.408052313
7	1	294994.17701481114	5044341.075873349	299460.0430612487	5049431.265899973
8	1	291421.2211112796	5045185.37747262	292850.84776891465	5045044.445172605
9	1	297100.933115457	5043113.290926653	295603.985416231	5052063.057382524
10	1	299149.1451233286	5047511.036166897	293818.9866531507	5040145.4803714
11	1	297769.6681128291	5042733.2768520275	292114.63876427815	5040715.394408263
12	1	292786.8087080422	5044484.008525391	296061.8552417016	5052870.391796186
13	1	299195.0124545671	5041171.517264879	297107.2277107746	5048621.039332466
14	1	299066.0659578381	5051500.568412891	293063.1145088907	5047532.522463022
15	1	295062.1133223658	5051942.454658372	289184.05850066314	5040504.349322252
16	1	294405.37257861014	5048382.26079989	294212.06402368227	5045950.092649321
17	1	295367.91434845625	5046105.789834185	294783.0090943123	5036486.1226429045
18	1	298923.74590938597	5046055.200780994	293518.6949588165	5039156.558419142
19	1	289720.723677092	5041928.734843489	295201.3465170042	5050010.643464699
20	1	296564.31668033195	5038283.089840161	298958.16676929104	5047586.489203284
21	1	297175.94396335445	5045138.448820779	290519.8306528983	5038013.326827581
22	1	289921.0291810793	5042283.54133809	292927.08137868514	5043607.400472336
23	1	297472.2102823622	5036267.361788998	300623.60231547523	5051550.94149978
24	1	294217.92007352534	5039229.129721601	300810.3319428358	5049525.319586122
25	1	298345.9494852581	5050620.953350377	293754.94880104996	5040982.228205239
26	1	298826.88284416293	5042084.436254758	291515.7882528409	5040186.970619812
27	1	296945.836341942	5052166.05644398	298470.1837989385	5049696.845878549
28	1	290479.0221132338	5042940.872702467	300783.69698410213	5052926.669285419
29	1	296976.4986484974	5054239.947293191	298232.77564530255	5046133.725792139
30	1	291364.924181706	5041739.1264437055	299262.56777032115	5052967.652894403
31	1	292814.6207757888	5044064.312524967	296910.4306697851	5050774.631884716
32	1	293301.28020978894	5042189.3877127515	296085.27692096634	5050200.314579391
33	1	297283.20752496476	5048709.738484827	296922.8078363281	5047168.578403586
34	1	290243.32298976165	5041635.034057826	298289.7436040717	5038038.649944262
35	1	296047.4029421284	5048642.257946838	293662.6467706273	5049559.093254502
36	1	298482.9651552415	5050770.027759165	287680.70547463594	5040134.255345484
37	1	300813.2560871383	5049169.178202018	294545.3549459438	5046002.841299278
38	1	300304.47971382085	5050014.059121661	297026.0726603037	5045984.473394214
39	1	302992.9430844028	5053385.524352003	296690.6082938974	5050601.206718032
40	1	297859.6921338231	5055096.781966246	297631.9127232505	5051421.155341809
41	1	299360.59570129885	5052999.514016787	297968.71143505676	5039307.9888960635
42	1	298752.12227137806	5053848.770984383	298207.9072331556	5053960.2794266865
43	1	292645.1448878768	5048095.652985011	290596.5072295931	5039541.945381899
44	1	289843.2936509627	5042185.649701172	294993.91785500845	5044084.603031735
45	1	296141.19354450575	5042042.178751181	298220.7128685444	5048857.251678375
46	1	299020.290026423	5040915.302872162	290614.30470497574	5040844.636943099
47	1	297301.36006677494	5052217.211957707	301302.01628829335	5048950.15380192
48	1	296627.72230540204	5041144.049058416	302311.27989511116	5051291.294997633
49	1	290015.08681985596	5043873.051380921	300552.73769239924	5047531.782458599
50	1	300825.4963304184	5045585.232869749	302738.2456902049	5053428.6627491005
51	1	296495.9394612838	5045286.0718050655	290969.3754505039	5040994.216552111
52	1	291608.6533520792	5043967.512889129	296997.25311638287	5037494.46899866
53	1	301288.28492525994	5052373.345203186	301031.2840267442	5046400.517586271
54	1	290149.85208375845	5042476.211134596	291567.8992419784	5041629.90102153
55	1	301019.7733178037	5053317.7204110995	291889.5686374877	5041680.241734755
56	1	301656.1723427346	5049138.307632251	290830.6907866132	5043489.471780672
57	1	298067.400277889	5050171.429247252	302182.68419614766	5053895.284306656
58	1	294619.9225084254	5047253.460310866	295147.2533423058	5036799.926549406
59	1	297434.543397852	5048030.342968453	297296.0595833761	5036505.688241079
60	1	301333.43785136566	5051165.714464787	295550.7761393612	5047439.681584432
61	1	298671.71041877434	5041366.246958362	299566.0862104275	5042531.895437062
62	1	294326.6497644252	5050777.9213260105	297800.56010354386	5044900.2817926295
63	1	299239.0971430145	5041468.708279096	299387.0527376845	5054839.149065333
64	1	293401.3267130064	5045895.3514104625	297130.8347540154	5050281.760656657
65	1	292280.5693122106	5045976.410781643	293184.7551207738	5045030.837705771
66	1	300591.8118551619	5047052.017931323	290133.8616237688	5038169.231340909
67	1	297185.703756354	5051140.773782663	295201.83737339755	5049582.918468027
68	1	291588.1855473803	5043933.64922934	296669.7789943359	5048236.931320292
69	1	300190.13949492614	5048276.151290598	300767.09282067814	5048209.155987405
70	1	291525.7500832163	5043334.352975725	296935.97474971623	5054073.268893056
71	1	296764.23769082874	5052312.3957095165	297974.5778916205	5045533.077430425
72	1	294994.6434656478	5036271.260575986	293336.47839095764	5039125.26964699
73	1	295679.8436734004	5047065.2389738	297263.501753372	5053632.247379897
74	1	294744.4873104159	5047401.429798831	294472.09344495164	5045051.932569584
75	1	296558.0487166851	5043820.894141073	294667.7922314462	5039924.189072637
76	1	296878.20392083784	5040876.578212819	300351.4286723979	5052619.541836982
77	1	299041.7513702077	5044755.650926716	292744.51161186304	5044779.903819947
78	1	299444.81347757555	5052364.513907547	301134.6343740865	5053181.539029003
79	1	292445.7150544191	5038584.0541112255	296274.4056169214	5044548.272825566
80	1	295105.113754719	5046956.234606765	291988.9714206811	5040469.372257443
81	1	293132.1954844176	5044591.454446098	290111.3934602889	5041315.606063463
82	1	297322.4670894633	5050031.682119343	293130.40148634743	5041656.430169304
83	1	293102.58349965524	5044735.267467872	295652.32283078367	5044559.350583577
84	1	298891.0418273278	5050476.776822626	300598.0639555904	5053909.003601416
85	1	295909.9072648887	5051666.788998723	294036.7950574032	5045701.078067991
86	1	297943.6611486837	5053652.982104731	292485.426784076	5045804.743152946
87	1	288323.15721322206	5040978.7340130955	293864.8034628491	5036621.021410287
88	1	294426.16180936975	5041083.042964199	296257.6380167229	5036712.026890498
89	1	290822.7896608529	5043662.518123801	298873.7151416076	5046655.422518705
90	1	301759.9629112504	5049818.892905447	300893.8981199518	5049769.463891895
91	1	296943.29876331036	5036104.417186425	301667.2522647875	5054234.69297081
92	1	300223.5086788367	5046942.965240397	296534.3518728308	5049765.313592356
93	1	291971.70036643837	5045209.2985337395	302078.49519128184	5052092.42380234
94	1	297404.14691109903	5042609.613405793	297981.3290451538	5052460.441808132
95	1	302048.9119436721	5050889.4011480855	295047.57500309276	5043952.698506569
96	1	299379.1671566625	5046458.25172324	301386.96669746976	5049179.197000467
97	1	299763.42860612663	5044560.459541694	300967.53531008976	5049388.698311083
98	1	297699.18006390403	5036895.091048737	299088.24822580436	5053635.144462648
99	1	301731.36118404043	5052214.557698538	298482.9403787569	5054961.28655985
100	1	293388.0362616098	5045647.097522389	303173.1839416962	5053328.777933548
101	1	298563.2648676392	5051308.617500953	296005.85827006545	5042375.6546499245
102	1	296704.20085347997	5053456.038680943	299261.617417908	5054932.272811277
103	1	300833.18563541025	5045046.688143715	300948.97118094406	5053187.6598456055
104	1	294304.1481555414	5042252.865987849	291115.0464958112	5044210.524063915
105	1	301859.63991106104	5049676.6405624775	296976.6874851851	5051661.469518043
106	1	298883.36004234006	5045807.143315479	292940.09186192724	5045804.184418446
107	1	296273.03413267434	5047375.224035295	294922.1661461052	5046288.628055931
108	1	298227.9255170721	5037527.022719065	295595.83189279004	5047617.084386226
109	1	294692.9370826974	5049129.279499829	296524.2255695968	5047921.230856177
110	1	294655.89313399856	5044893.561489702	289608.9572953124	5039528.129790467
111	1	298910.1664083759	5049477.985268478	296143.215316081	5048885.152236307
112	1	296335.84504112427	5040442.583751813	295120.23942369816	5050355.766665741
113	1	298685.06066301407	5041182.630850038	292072.1670437928	5042938.787618449
114	1	300369.2017891181	5052369.570441587	290180.4388175466	5043262.610006337
115	1	299508.00546002237	5054103.192415874	301354.8645568698	5053374.065609529
116	1	299545.7533075201	5045991.365871917	294590.2656415016	5040873.677737066
117	1	294201.92613499786	5037903.593696028	294025.4632329181	5044116.343444774
118	1	290079.50831285346	5039715.818431232	296921.08029726706	5049673.088139558
119	1	299971.818143309	5051389.88202068	293275.78924107837	5038092.880036992
120	1	288651.7863799946	5041252.94426863	294612.250532493	5048193.531405499
121	1	290308.27534359705	5042378.855769654	288004.56588276883	5040096.651437397
122	1	292107.8350573745	5043130.126452971	299638.7315597566	5045599.42587115
123	1	296240.48504597397	5039533.2529852735	296358.5596436939	5046143.838243098
124	1	299406.1220895241	5054873.665787406	301563.9735411559	5047824.121126993
125	1	290851.74322293815	5042972.582225307	298037.13303964905	5044658.246624121
126	1	297464.8403148423	5048523.399633859	290896.53740922944	5038100.437158442
127	1	296033.9587880005	5044593.379800812	295903.5179221961	5048735.946629336
128	1	296238.981848968	5040007.596983385	299700.81288428337	5046268.929083636
129	1	294002.92325902864	5045500.002484551	298002.61817665637	5049931.799987568
130	1	302458.8276148753	5052533.009731338	296120.7060496781	5045592.180885792
131	1	298501.6062914449	5045470.8976513585	301058.01008076995	5049243.360344229
132	1	296933.60247818497	5040582.932070701	296205.5500638498	5047785.58505682
133	1	296901.55086279986	5038283.104136674	297661.1786617151	5047609.056967955
134	1	297562.71668410045	5038943.200276764	291344.6804684814	5046025.302936544
135	1	297698.7645011079	5049596.652140356	299333.5380928103	5053208.754540057
136	1	293571.9967197489	5047287.580461328	299165.4550706505	5046702.920160985
137	1	295569.10556841874	5036851.802834973	296653.742646315	5039514.958151351
138	1	290377.88797181536	5041907.43000069	295968.9628083025	5047279.177345838
139	1	290654.19008721097	5040742.480124445	300122.1214471256	5054463.127681273
140	1	300619.8434150978	5046493.206244771	293022.9821862655	5048341.149397715
141	1	296134.50763040513	5049403.307574272	291098.0210768924	5040931.725273904
142	1	298758.8203342556	5054434.407840708	302171.61189095123	5051913.097233529
143	1	292207.6135813616	5046449.44772955	297244.83585428813	5040658.323287509
144	1	292992.29832763	5047110.860447057	291869.5770655275	5045695.854332381
145	1	301071.8606755111	5052926.285804885	297544.04210317926	5049440.326595856
146	1	302212.1357838236	5050182.047619092	294849.37828435237	5046983.641820743
147	1	302418.4135755686	5053238.751509722	294008.53517681063	5047169.244162089
148	1	290794.8591709173	5043953.293578884	294368.73499877733	5039801.856283579
149	1	297373.8191410091	5051248.283851452	297305.30193183664	5053661.895820329
150	1	299143.11671190173	5052579.127891613	298606.30530856975	5052431.600328373
151	1	299218.7951478279	5049535.177303981	297600.05618990556	5040967.631515953
152	1	300165.47875605326	5050000.508502813	296599.5197988487	5046292.142850106
153	1	295784.7969747284	5048322.175019547	297183.508193835	5050723.860271441
154	1	295360.87504004315	5041991.323987848	294402.043334275	5044376.898214614
155	1	296890.50746881904	5042000.326885521	300381.8585320901	5049646.889326003
156	1	297632.1397537703	5053927.54337946	292281.986214036	5047186.305198722
157	1	290369.8311161364	5039920.065470766	297624.7248204558	5049728.22227649
158	1	298228.3981201597	5040256.398703187	301954.84953606414	5052469.940311641
159	1	292357.5568612524	5040243.921245318	289734.38587769284	5039028.134488484
160	1	295354.72787439567	5052269.469547961	299682.87145188707	5045918.51418015
161	1	295967.82933094585	5044667.761335076	291397.43264742946	5039964.158727471
162	1	295692.322227407	5047616.364089915	291537.10398013785	5042332.500712704
163	1	295874.0627607481	5037733.932944459	296721.2739024708	5053963.947000321
164	1	293755.495661623	5048698.661413612	294117.2197192889	5039426.844329558
165	1	292037.6422138364	5042887.5647519445	297225.68910309713	5053536.933490099
166	1	296375.0492114593	5048085.632299412	297286.34531177825	5055122.9376884615
167	1	293598.0414521911	5049031.0774741145	295895.84324230795	5037912.590723963
168	1	294145.119156444	5036978.8478058195	291130.828059655	5044203.866950279
169	1	299787.52633525844	5045876.748801223	297407.0931550467	5047973.517419411
170	1	292554.55055468366	5042388.702190526	296198.0906729236	5037127.770396858
171	1	297239.5056925724	5053855.076298145	297409.87661715085	5054504.015649365
172	1	302939.0350638453	5054088.97506271	292619.8679032713	5045940.833767577
173	1	287760.15367834194	5039694.620566534	294495.68381144607	5041465.697204542
174	1	300137.996790455	5051006.682156528	296828.33559526515	5040854.03983057
175	1	296902.5175441629	5046380.864831196	303472.96695033537	5052943.107845641
176	1	294329.11957140785	5039282.520676733	303283.67725216324	5053613.812196201
177	1	298451.94987567334	5053545.770605357	297549.71216386417	5055044.828726479
178	1	294389.6831135944	5050096.195577936	298435.28659108595	5051835.177350569
179	1	295100.1445603867	5046293.946237902	294922.4645219024	5050537.113065699
180	1	293234.94260880136	5040039.145927607	301473.6952120416	5048948.50765341
181	1	295154.22687537345	5047975.881794582	292950.0002522626	5047438.663900885
182	1	301031.7607163003	5053851.75138208	297576.6237866577	5055165.509976942
183	1	289731.74056193494	5040327.883815731	294895.56589500763	5040233.630127738
184	1	299982.8469061964	5046146.018219616	299282.57480079174	5054617.859126713
185	1	292256.70561629324	5040114.905285092	300860.16360416095	5046616.913970843
186	1	297499.15137614764	5039684.0107328575	302436.9708480578	5053409.078042503
187	1	296701.87862640904	5049383.014589499	290033.17342073604	5041525.931870244
188	1	297330.4851086167	5043481.985793017	290747.13381024724	5042999.9288394265
189	1	300770.3318478442	5052493.0693863155	290692.6135715426	5044923.233110371
190	1	300794.175911275	5045912.4418293	294052.40629574057	5049986.038323281
191	1	295101.78952786484	5040725.893878934	298173.9668294647	5053536.046111441
192	1	297565.9641480788	5047273.522749117	299116.2622622806	5050890.301058234
193	1	298548.0355880436	5040524.929756347	296197.7325557768	5050445.5724263815
194	1	293506.75953251467	5039210.116077332	299013.8417640023	5052004.0565327285
195	1	292003.378001134	5038363.0129207745	290405.193185091	5038213.4211468715
196	1	292838.50531676394	5045299.263295402	299777.87136856845	5050367.094487607
197	1	298372.45909742475	5053633.739328779	291963.1563684405	5040981.853598315
198	1	296545.01385795034	5053822.4141741665	290279.3189350173	5042652.35684782
199	1	297316.7727350043	5044349.995524911	288682.1943204392	5041533.823899374
200	1	295574.60605935776	5048121.884922635	297902.45222387824	5036673.027474581
201	1	297313.5840187014	5040417.043064398	297003.23517296964	5043817.679076577
202	1	293341.420771858	5047170.400151603	294333.7814394141	5038872.913073038
203	1	300889.0213055458	5047682.870968782	298134.3043377767	5038825.370887279
204	1	299258.00540445617	5051305.310708803	299988.5761001057	5048159.741800766
205	1	298183.6467455672	5045693.675893422	297195.58239143377	5047072.395126203
206	1	297153.24849563336	5043088.875121905	299244.75496442185	5047859.766748187
207	1	296696.5812775305	5050879.305246112	296246.0473637951	5047659.776790801
208	1	292670.60981252475	5047459.66976051	297353.81729573215	5036824.588400844
209	1	298701.933578887	5042884.5533407	295144.7114613018	5049559.209634348
210	1	298358.11901369086	5046574.298882457	297459.7863017224	5042035.4570809705
211	1	289532.2466622087	5041880.288188779	301122.98612713575	5047713.657014375
212	1	292617.3304401563	5040838.502885445	300356.1053145118	5054031.915320147
213	1	295665.4390527463	5049476.9983427655	300600.3420803319	5053503.150436954
214	1	298706.53598898835	5048513.333987077	298757.0047266571	5054396.490156164
215	1	293897.0299520384	5043977.734117407	298760.28812420706	5041752.191603742
216	1	294250.9337407805	5050282.803097513	299869.33871980256	5042551.7649153955
217	1	296241.41288631666	5042282.437749208	293701.5030902315	5040696.584429278
218	1	294791.73589638894	5041843.390602202	299042.6737276735	5042077.991619412
219	1	293841.5750011456	5047820.454178594	296314.6293810068	5047691.099004567
220	1	289851.3587679024	5042711.649391233	296802.3571822355	5037576.39598594
221	1	302380.0828176808	5052069.506731919	297073.69070234336	5053581.297554845
222	1	302744.7470469955	5054071.86421047	302443.4685235328	5050441.170602538
223	1	298522.2938381247	5053539.041991595	296416.58367883286	5050651.117986302
224	1	300196.6158754254	5043639.433329211	298001.3454459618	5050172.5069940025
225	1	298318.38833179907	5048348.578503032	297815.13755630923	5044897.091890852
226	1	292489.611001158	5047453.883662193	302033.6959338837	5050443.374430116
227	1	292891.83186845446	5046969.293754039	297598.507667536	5037278.561451765
228	1	301599.639376396	5048769.763547176	302423.0776847574	5053297.923034765
229	1	300757.63544492243	5051552.649890351	291135.5091244863	5045378.775057393
230	1	296173.46246713516	5050863.939771736	293751.18245113484	5044713.655190107
231	1	293473.08570491336	5040233.037999637	292433.83440635586	5040163.89848838
232	1	300274.07703857083	5048912.486836998	294750.73049362685	5045882.445384757
233	1	297420.13823354006	5053718.774802646	296607.21333038836	5041341.017362471
234	1	295119.8229389214	5048382.8615818	296461.44693072047	5051686.453385707
235	1	297701.28032044065	5055025.592220004	292753.27243856085	5037431.074921249
236	1	295814.9957651385	5047926.534699167	295494.60457917	5041109.494056538
237	1	302767.2907593212	5052568.600563433	300198.7390859589	5054148.424325265
238	1	300483.8442405064	5045779.442267143	291154.42054781824	5045503.218038205
239	1	300559.3495356036	5051107.061868121	296091.9582445917	5049071.560413417
240	1	298482.83586411265	5040395.388218988	294864.45871188375	5049377.055611923
241	1	298371.28477548464	5050709.3067989	295289.1853921059	5043935.500890823
242	1	298517.3730079208	5050857.607911028	290959.76377227675	5042985.632716675
243	1	295970.1850104683	5047497.216119054	298886.34103773744	5046200.74346662
244	1	294052.13852034335	5040643.764453683	296298.98719005455	5038494.036489647
245	1	295379.38686739263	5051127.881421319	295252.4251014543	5038307.38700822
246	1	300613.8576847132	5044481.830565904	297281.28909250273	5045526.448160853
247	1	294697.01110219624	5037969.411840707	299625.9136051775	5045947.637007256
248	1	298956.2541947279	5054441.302906479	299989.32169187436	5046407.314733128
249	1	302188.58270081435	5052711.061973412	299357.1167700057	5049959.182285756
250	1	297565.3887373989	5036208.366136233	299896.8857798158	5047793.641774711
251	1	296786.52224259754	5036425.3032768965	300633.3043557899	5050593.7830125205
252	1	300025.6909876684	5052148.37303617	298145.56635526445	5052066.392835571
253	1	294494.4302337196	5037457.432403415	299160.4408215487	5043577.059142993
254	1	297888.3239913126	5053432.10755091	298230.9975806116	5050906.202810022
255	1	297209.020279477	5052199.062950235	292800.9013848247	5048318.730730283
256	1	296545.4332852765	5048119.776894523	297841.69607812795	5049710.164091556
257	1	295541.4583039393	5045480.828079654	296765.9071343146	5038736.3801377425
258	1	296918.2249507455	5048306.839943843	292632.4086238921	5040318.799007286
259	1	295372.3416282879	5043773.12039969	291277.7713233477	5040292.999814054
260	1	295558.95353861206	5052444.281823217	299776.59098625777	5047723.135474396
261	1	298322.609286775	5047913.003283274	291892.7822210717	5043476.569189713
262	1	292863.07890232565	5041987.901553962	293449.49257004523	5045025.765934557
263	1	301380.4253159295	5054044.135690143	294565.4917329145	5041046.301534286
264	1	297027.32982051896	5048172.778414394	289381.60102650285	5039660.783089722
265	1	294239.85646750417	5046715.270875882	298748.26915718324	5048639.299566428
266	1	297468.7515247688	5038437.138948388	297698.83517996647	5046859.033573709
267	1	300203.90188295103	5054098.537068208	301943.47449915094	5052616.064448717
268	1	295921.8761486216	5041765.88630978	296289.96046216675	5044984.200387843
269	1	298387.14587811107	5049437.752630739	295422.262507071	5043464.215100209
270	1	299219.53436399857	5052471.825976326	299531.1017317466	5049525.473325895
271	1	294419.642615804	5047095.795780769	288912.94072954427	5041424.648947961
272	1	295462.57772599644	5050117.4432003675	301598.6935102048	5048179.436250561
273	1	289762.721506281	5041302.33407443	300316.1349248583	5053492.4912316725
274	1	296347.74686433165	5050754.656123681	293013.9417955641	5045155.154658629
275	1	297522.29110499925	5052864.23829546	293221.6713951599	5040312.784013823
276	1	301135.9530931009	5048367.779446219	300456.3113350201	5054454.815488364
277	1	303256.6402229032	5053496.588681546	295808.9443021541	5036530.888705187
278	1	295980.82217701693	5047388.54110189	298419.1538271664	5042158.832297367
279	1	295592.6451306309	5039185.682099407	294173.5500551904	5042340.642879334
280	1	300762.7576141515	5054099.884903061	293967.7972604808	5049326.806766618
281	1	298536.1901566306	5039746.185580965	299805.69058080897	5048769.569785203
282	1	299447.71886586794	5047322.5359422	291897.0658582652	5043924.70341411
283	1	300490.51250276796	5054525.524032606	294136.30906100344	5046423.083279189
284	1	299234.09480006254	5053818.174057278	298981.86126495607	5041544.814910294
285	1	291640.14411877294	5043323.317474025	296723.5186715283	5052525.225987534
286	1	299263.0145449137	5040640.7503847405	301121.9506298258	5047179.165134574
287	1	296246.2559070941	5044571.142975819	298985.60047713976	5049272.501545435
288	1	291145.98827914026	5043067.393664578	297123.31832912855	5044339.023030298
289	1	296506.0164454509	5039187.918053564	302799.3134468773	5050983.693126659
290	1	297460.42579940666	5035811.1519419635	292625.0024133781	5044247.254573877
291	1	300171.67435565504	5052919.928037611	289816.2038260746	5039997.814510981
292	1	289640.00101884804	5039701.456689005	301545.3045717923	5054224.897845509
293	1	294217.563782105	5043208.136796633	296560.055931638	5042853.67619433
294	1	295524.25055033085	5041923.905711522	299382.3600544281	5047434.978338185
295	1	296554.11646663997	5051604.943050592	295138.6669857428	5042481.163961894
296	1	301591.04581788665	5054044.439986169	291271.7496294623	5043420.975522365
297	1	299744.75995764975	5051174.838613351	290419.6517259111	5042341.693144912
298	1	297751.53897569486	5039207.2092295615	301007.40301979997	5053471.312698029
299	1	297784.98395650584	5050461.728580279	292935.2795689833	5047758.830998524
300	1	295811.35664023773	5038761.4311436	298132.21559481043	5040060.3907776475
301	1	298411.49766061385	5048434.29851304	296070.2848837167	5052352.579764019
302	1	292924.45486121485	5037118.779110737	297787.83749745757	5047729.200920544
303	1	297232.5818655875	5045476.259241858	299205.6625386051	5041306.424004457
304	1	294582.245971638	5038242.939070448	292469.09464065515	5043139.096727031
305	1	302218.2703806177	5050875.331674981	288030.09051851305	5040713.334674986
306	1	293309.2730082276	5048399.633587586	289683.2819306628	5039934.270078801
307	1	294682.12746227806	5050054.181739582	299282.9103273039	5049737.704545482
308	1	296292.7214457169	5046479.321925972	297006.14071076765	5045367.444685752
309	1	296502.68627432396	5048661.431539531	301397.17289845576	5053078.956431619
310	1	296919.330026268	5044634.805559789	290347.0116452198	5043187.490107629
311	1	296707.1557227486	5046505.427960332	291719.981986362	5041471.608017505
312	1	294040.4599314111	5047153.467674166	290420.44377814146	5044001.4775403645
313	1	294631.7123656636	5051145.734224324	299429.8482055138	5049190.379233082
314	1	297056.0240867775	5050198.734057756	291983.6519591238	5039647.590095831
315	1	297451.2135747024	5054760.713055661	297026.11500572856	5052428.513039522
316	1	301251.7849396347	5052710.971891243	299798.55729516747	5043093.767660153
317	1	297455.07577427523	5051685.5362949055	298850.25440521195	5055020.756009132
318	1	293144.30936909874	5038674.1048631715	294289.28032571793	5038120.176136195
319	1	300012.6235809506	5053828.839930705	293063.5772533685	5040166.725842495
320	1	291237.3723366847	5040199.735727493	293951.0705701653	5038535.503997045
321	1	300058.5064358161	5043793.182198564	295507.95170069643	5047031.269248553
322	1	298029.84662486514	5040838.132165516	295775.8516301665	5041285.895616357
323	1	291706.57755533274	5045836.873679675	297850.71221625264	5036376.435660139
324	1	291913.9304850882	5038106.268210766	291324.29607183405	5042695.291939868
325	1	296967.28982796136	5047779.411533096	290048.54862029484	5042829.968208102
326	1	296034.2844545298	5049389.4997402355	299694.9894030389	5041647.291067417
327	1	299725.4493511657	5053655.986521312	290944.5835827945	5042605.705382907
328	1	301466.12015180464	5053960.679997129	296840.5136461754	5045436.854418959
329	1	295275.72432256653	5048943.490211357	300492.5349893231	5049443.695566228
330	1	299319.66875783826	5046831.573469529	289557.7068748445	5038734.405613048
331	1	297535.5009348285	5048612.227444333	295610.58303477324	5036942.6162336245
332	1	293173.062595847	5046300.930483059	293305.98152500845	5038061.522127338
333	1	293527.9944801224	5046241.355699462	296706.5849821208	5050593.935886155
334	1	292609.7802728158	5046306.625260449	293973.07794226875	5041319.089806182
335	1	289709.20862719	5041957.557522029	299339.5062698219	5042385.341440203
336	1	288432.90380114433	5040676.73681848	297775.9555078671	5039600.912961687
337	1	294986.744939342	5047249.727085248	297552.64108612476	5046396.531691885
338	1	293370.40431161766	5046897.679201564	294843.92268932005	5045608.092152418
339	1	291922.1044290533	5040300.048863	292029.6410976035	5046181.221622083
340	1	296180.5959346947	5037647.03196949	301168.49605122255	5053483.503174555
341	1	297646.9936412318	5037769.187936988	296336.561493031	5041515.723797664
342	1	299670.9751926792	5051174.265323159	297074.5370559211	5035622.055267777
343	1	301979.36290372733	5052213.637694325	299747.06199944863	5052061.469325607
344	1	295538.2655829356	5047256.41258014	299048.28162888676	5042648.513748047
345	1	298402.0892818014	5051034.2984853815	296547.2207068204	5054114.719023591
346	1	290222.1221502708	5043199.495592384	300766.85031971	5054201.2522843
347	1	293013.9227675377	5045515.026173459	301181.95023967826	5046027.455468048
348	1	296858.91962716245	5050196.809562844	299123.9506816944	5045193.893513295
349	1	301463.0427872413	5049421.570933136	298423.9711339232	5042426.567843502
350	1	298002.5820932467	5054596.782105747	296609.4224209666	5046468.596627199
351	1	298540.5133478929	5048463.956024475	289634.72223850817	5042639.135818345
352	1	297172.2270333939	5040311.121229639	298331.5113259074	5039741.400838719
353	1	298515.0718571951	5052921.559167997	296708.1557433824	5042597.543545723
354	1	292188.8059489184	5047305.290474129	292820.8833509541	5037304.734957919
355	1	297286.09738373663	5055312.94278829	294634.8300373471	5043297.927830317
356	1	289960.31807671726	5040529.374492902	297931.00467997114	5050115.591174007
357	1	295740.9011509398	5041582.160329766	300728.9670623377	5054110.4934376255
358	1	298000.05283926876	5039758.651788822	294439.5962629827	5043814.279754048
359	1	292644.9704993218	5039130.058989357	288213.11201081367	5040158.626301104
360	1	299473.9399853924	5053709.906862679	295915.72825494624	5045090.765634957
361	1	293196.4651356635	5048474.3471083	290385.8021836075	5043133.404325623
362	1	288889.5417267279	5041210.819229838	293354.2885587567	5038991.287651792
363	1	299384.9332180594	5050491.751562624	296648.219402561	5044333.502870139
364	1	294644.839223405	5044846.366268387	297580.6685061835	5053971.195216357
365	1	299419.8018206834	5050758.24523732	301713.99867748027	5051837.418060102
366	1	295809.3935406013	5046531.321987821	295537.2050747227	5050758.578075505
367	1	290253.3824426091	5043744.879934366	295445.96033065335	5052223.065794324
368	1	295790.5637729598	5046907.544292954	297292.7198934458	5048586.981038549
369	1	299134.1926496663	5048623.562497377	293512.8352081214	5041099.298255672
370	1	300657.6115410215	5052203.375178503	298570.89747482515	5040263.090558983
371	1	292395.9324050891	5043947.934020032	292107.89769891003	5045636.980113783
372	1	300179.7954557255	5054697.83960437	293373.0129912516	5044949.499373606
373	1	298625.0635205401	5053693.386750078	296610.30109262554	5049702.6452037385
374	1	289757.96735068073	5042347.067853046	298509.8992411612	5046977.263734897
375	1	293619.4105190859	5045988.11856185	295099.0518670119	5046717.2552272845
376	1	293331.2651715486	5048269.32149009	300133.1700297084	5052425.537629207
377	1	291554.39577660727	5041771.140558722	298886.0381538046	5049912.2001400655
378	1	297358.3952435633	5039381.218231967	291385.0930585901	5044385.6084155
379	1	292756.722798607	5039998.8299923055	293775.30869128753	5040967.385814389
380	1	294989.67417536594	5036825.618818614	300073.0584560989	5044979.798511362
381	1	296522.48067137867	5052060.123574752	297773.6541054794	5049407.24716083
382	1	298068.2958419706	5044635.604759152	293502.340628479	5037777.575027476
383	1	297524.0810178582	5044518.809160598	292312.89113570686	5041146.21578217
384	1	298354.857309473	5052745.738475849	295380.0685933327	5048998.622002094
385	1	302797.5079497498	5052806.163170877	299697.46541383595	5053177.849975721
386	1	297039.5519478327	5041924.972267173	298988.95389904804	5048249.937172329
387	1	298749.7493331214	5048299.607973954	299552.3074820088	5041618.92978256
388	1	303367.9325085786	5053207.333152994	299786.25614898413	5047060.011693508
389	1	294500.97413858725	5045596.124114969	300161.02162596025	5054228.449815041
390	1	299999.4125607658	5043202.232402392	296361.0727624439	5049016.165118657
391	1	293211.7933248633	5044293.7200429095	293686.1558194605	5049308.322464336
392	1	302162.73692069616	5052812.999350241	295219.6374425549	5049694.88332271
393	1	299307.1617256759	5053391.655736271	295611.57230606716	5042742.88331857
394	1	297841.8477695332	5037446.24539306	300219.6344559223	5048528.582372859
395	1	293059.63768736477	5042187.405724238	292294.9752488637	5047047.773509389
396	1	294338.42964858	5048562.330879959	294720.95767459064	5045541.274311188
397	1	296576.71711113077	5039734.247021212	297707.98130594724	5053680.0635122685
398	1	301378.6908048466	5050874.355159626	302093.85216935736	5053256.685497562
399	1	296172.2611247219	5050537.117536118	298807.0140279819	5044714.929642318
400	1	297941.5001946008	5043278.1552150985	295143.2260387371	5047423.984777382
401	1	299333.2832477971	5040670.779200874	289974.2248598385	5040045.712151056
402	1	293313.1764643458	5046943.007208178	300043.2627504989	5045031.437512101
403	1	294145.81740256055	5048238.962504161	295965.1290026047	5042331.872778301
404	1	299888.85403352487	5043684.149225891	297898.4624238506	5050986.144707904
405	1	290944.02921147976	5045282.0304443445	289638.5574542084	5042873.158578116
406	1	298886.99651743233	5045384.773898269	297357.06267219	5049384.742206113
407	1	300245.7864148633	5050942.308560338	298951.35553008923	5051607.944606407
408	1	296946.1165277951	5051831.919958805	297557.08686670917	5046893.659329828
409	1	292398.13122827164	5045559.751344337	296139.92345125746	5053184.258276473
410	1	294886.49217861367	5045934.652711296	293051.97938838036	5045723.944762641
411	1	296408.2454815094	5047393.81735936	298421.9926495514	5050477.841782175
412	1	298788.0461627813	5039401.124755397	300640.360704832	5046439.705908673
413	1	299492.4500331704	5047876.631575618	292721.33614352194	5045706.125798837
414	1	295413.6480735312	5049097.1959165335	301560.29066826537	5047957.656273926
415	1	296918.8337446914	5053200.433638938	299544.5833405719	5048853.851283519
416	1	291604.10691728274	5042153.30933393	303018.33931567066	5051448.736264949
417	1	298680.879915283	5039988.6682408815	294505.5950357065	5041474.370072996
418	1	297483.7070585577	5052552.670298145	298825.44648027443	5053500.468363261
419	1	294041.06725835294	5038544.539100567	298393.6056776872	5049576.739329083
420	1	292688.1049334842	5044130.618470041	294424.85754220816	5042124.849768426
421	1	301311.0340977796	5054100.962787056	296198.320387495	5051123.048852956
422	1	293806.66440541565	5046685.509779529	298784.49991139356	5041836.488541123
423	1	298849.3975923765	5044977.605321507	289011.2026013068	5039663.481610738
424	1	296159.0837518493	5045536.26741684	294580.99616413907	5045795.541739908
425	1	297652.19123965275	5039397.0979945995	296373.0469739154	5052121.469427547
426	1	298504.5398197886	5040584.041445045	295100.9510275825	5050858.433971078
427	1	296280.70625597215	5050182.604818272	297845.17730500747	5040000.515461641
428	1	292099.0782752957	5037371.887366253	300849.48850978055	5052897.142657349
429	1	293300.78201749985	5046925.100171619	295615.8878571978	5044960.723401927
430	1	297889.43762492196	5053193.954208225	296071.2751728847	5052128.39758987
431	1	293590.525290094	5046605.738810468	301617.7340681532	5051957.456143891
432	1	294005.15397150675	5036742.96987238	296200.5401321766	5049242.717835663
433	1	298342.6605913787	5053377.050897028	289662.18379940663	5040216.193437385
434	1	301011.6901943387	5046321.705969799	293886.9958170687	5043360.836195404
435	1	297300.50092091435	5048779.798134927	296028.6677557745	5044148.2115208
436	1	293240.0602320492	5040142.225813883	300245.45639959234	5054249.829425701
437	1	292691.81536219164	5043447.616965011	293132.12301874603	5037894.753265514
438	1	299012.7750378446	5053314.145903718	287683.92089508724	5039651.47941937
439	1	298244.8722477504	5037642.446789357	301077.33849323995	5047260.820265424
440	1	290301.3802487911	5039068.992845721	292249.7628633677	5044278.007035656
441	1	301016.7374519786	5051827.739450876	298536.46233305003	5042661.798373042
442	1	295610.2640407069	5051839.781794559	300359.12651533727	5047159.576750675
443	1	295720.624599059	5050539.435137213	300188.8904628789	5045520.040714348
444	1	293231.1127512062	5040432.8219066905	294731.0952754702	5048142.706616186
445	1	289032.95244608587	5039858.346008246	299227.32005987875	5053838.803410303
446	1	294119.3645259851	5047297.064103454	295115.5549170726	5048408.457112639
447	1	295644.9562554981	5047071.262128105	300977.95727755845	5049151.72958377
448	1	301635.32985800947	5053524.911010434	300411.6181489565	5050473.260139403
449	1	292392.4775328111	5043065.534064658	297636.6921818383	5047438.737343997
450	1	299171.2061165947	5052423.437795719	295964.91032913624	5043643.946453986
451	1	296105.356347265	5050248.546808697	293027.07368442754	5048185.791899524
452	1	296129.38003029616	5040932.817714991	296870.88807048195	5054018.136550364
453	1	295557.50851958693	5045517.643247981	297517.5860531541	5044111.810583306
454	1	298962.075792304	5054881.407029098	299339.442559612	5052662.259833739
455	1	298457.90060322685	5038571.06724354	297524.7664568673	5036092.599861313
456	1	296989.27461331023	5053151.854702549	292867.1876560447	5048371.548008967
457	1	297936.905100247	5052845.821245366	300364.433148978	5045440.711936961
458	1	298216.4110737284	5054618.313162515	298957.88420140545	5039656.1438239375
459	1	295202.5360389008	5049348.120440816	290846.2920655373	5043741.840327382
460	1	293962.5133481209	5036610.056478208	300437.74601970817	5049513.364956315
461	1	296230.84117123997	5040753.865733655	292040.28229212255	5043623.775711744
462	1	289688.37320825557	5042139.150760582	298647.329943834	5041064.55100859
463	1	289581.9506424153	5040211.013496165	296670.3097942959	5053624.7302929545
464	1	297016.80024855543	5047445.110799201	295079.7134208577	5048149.416254439
465	1	294915.8880919049	5042608.836180491	291160.4407480163	5044831.522037633
466	1	296349.83368986007	5048950.765502714	296641.3146262582	5048795.41266499
467	1	292431.9278936757	5047341.838791424	294716.8804786146	5048181.557657051
468	1	300262.11609125976	5051885.331185699	299274.5065405661	5049342.770106031
469	1	293609.6058456305	5043760.71815885	299359.39306989324	5052554.502044455
470	1	299675.7116390663	5050099.061480773	298821.19888314174	5052444.360697418
471	1	296118.24200507835	5041051.211658112	289641.93467198254	5041364.482324559
472	1	296411.36605002213	5035941.107976262	301504.5247378524	5046937.773483518
473	1	299601.828870303	5046748.5768318325	288203.876442865	5039425.860431419
474	1	295935.1492543882	5045282.111711142	296913.8681455009	5039022.2384833265
475	1	294624.67402887956	5049220.507655258	296389.6593693929	5039403.477056155
476	1	296938.74833412125	5052855.372856126	293748.1900044221	5046453.803676288
477	1	294126.6747341216	5037254.614103825	297048.68021111493	5050106.619719976
478	1	291076.05118355656	5039080.185981542	297154.48030345683	5053902.219584577
479	1	295401.63375894324	5043910.109215126	289596.5382494538	5038609.9741589185
480	1	300392.97511697677	5054181.574996267	299594.6826497455	5045035.784350901
481	1	294052.0310450818	5047682.549429305	300831.5965313661	5050452.318214041
482	1	297463.9696894307	5045232.959397488	296869.99746178364	5035935.951838002
483	1	301363.3837453394	5049265.258680506	303041.70178023906	5053092.862559418
484	1	292114.77418553486	5044790.899525637	291385.99749435013	5044212.375149908
485	1	294519.45208412595	5048737.117777437	302789.9201251459	5052550.53517211
486	1	292544.33554656873	5038290.282284868	300909.29024168017	5051133.473380038
487	1	298608.0125389182	5045225.207502277	291982.4824823332	5044212.787219256
488	1	292477.26775106025	5047838.223734398	291895.56025054114	5041757.178146746
489	1	290138.9635738631	5039901.816565574	297230.9006460022	5048262.650869016
490	1	292537.75506198517	5042010.650093255	294281.4358978485	5037293.531294625
491	1	294847.47079297615	5044704.680530062	291187.2069288622	5043861.749166724
492	1	291069.9240326332	5042241.96796022	301342.74815571663	5051255.567621961
493	1	290559.69382692553	5039511.950462094	296034.06984566624	5051380.200395871
494	1	296229.659349289	5052279.282494397	288561.514489826	5039909.434418353
495	1	287816.21541119495	5039980.865895854	292494.9461174358	5046909.427406466
496	1	296697.69714640937	5040190.221054595	297202.0048565884	5038259.218798382
497	1	301304.1161511756	5051762.918310712	295957.21830421453	5037659.085099065
498	1	294769.1051184106	5038678.455045613	290819.60075184656	5044371.735038989
499	1	288282.2289099205	5041134.716540343	290380.5955287403	5044122.077205864
500	1	299339.0794664284	5044941.518865757	293809.117556772	5038819.259596567
501	1	296245.9999362864	5043127.323369783	302096.67893473164	5052861.141020092
502	1	294832.3761172797	5051014.87929577	295179.85963403876	5047570.234387707
503	1	295817.8757646173	5045534.967352228	297733.0119151417	5051512.394988943
504	1	303288.41104231996	5053581.418527691	302415.82059793413	5053405.603321343
505	1	292426.24833799974	5045442.431884329	294613.884556238	5042276.1295337835
506	1	293987.27898183535	5047352.670110771	294163.8729482827	5048580.8639509
507	1	297970.99974682636	5051387.952963674	297274.882970394	5050616.938188085
508	1	290297.9870700569	5042279.410385624	302145.9338214406	5052964.133634241
509	1	299370.2331013337	5052869.660659377	294301.6047405335	5038394.868175619
510	1	298899.0407219532	5050387.564818132	297618.751216008	5050367.806464104
511	1	290907.55534348404	5044587.384652203	299248.28618583025	5048722.314676267
512	1	292274.61774785013	5047164.957946222	296297.79479404946	5045195.964242771
513	1	299704.11178527714	5043192.601340074	297198.2828219218	5046514.913644378
514	1	303105.3635850831	5053774.171861545	296547.4825197371	5046198.283290868
515	1	296488.7825000067	5042456.7788425945	297683.4087312204	5054043.136524625
516	1	289612.45912325586	5038973.433525054	293166.5925693172	5048803.606150713
517	1	293452.7423703727	5044846.19239058	300535.75204839255	5049792.677967343
518	1	292291.74160213483	5038707.410273955	295083.63354135066	5048630.133731553
519	1	292025.5695923785	5044515.981176116	300253.9981895553	5045196.313118627
520	1	298522.29901272815	5050307.806679474	288959.302793935	5039941.238155151
521	1	291811.9161301631	5039635.018335234	297168.30211098003	5042635.4765696
522	1	298901.4044357359	5053320.156997059	292354.8898558467	5045892.523792092
523	1	299204.65170855785	5049302.5827529635	295177.6145229414	5043192.311294587
524	1	289561.80415645696	5040096.181339008	300695.9490462177	5052444.682073024
525	1	297378.3291490736	5051955.3383834055	303006.31271767523	5054070.40909352
526	1	298304.46808559005	5046738.632886783	298979.4165633536	5053892.056053615
527	1	298052.0299496798	5054593.005930016	292574.06860095006	5042314.90678781
528	1	297450.19456596713	5046198.199082878	294542.73306512047	5049485.086903291
529	1	302216.6171705761	5052043.67858792	291587.46621911565	5044433.1710745115
530	1	294012.06395572034	5049294.31479585	301164.1630478911	5049187.64037315
531	1	299103.44411390106	5048094.0042812005	300878.619884842	5053994.317550157
532	1	295403.4471169206	5047466.682405319	297350.742146221	5054335.791058406
533	1	301658.03577834397	5048185.679196636	298407.27033539355	5050315.848291726
534	1	293198.9250138881	5039961.3294769	295900.1439183452	5041554.121983109
535	1	293280.056236899	5046286.396292279	293976.79099872103	5045928.981688167
536	1	289913.7565636948	5038433.133898571	299159.64273936895	5049340.047813644
537	1	298154.52455507615	5043943.906120385	297532.7126540845	5050210.419043534
538	1	296323.47797262826	5039374.464724881	297745.5732669359	5052127.973375547
539	1	301295.7864877337	5046981.299055559	293291.8333706868	5043262.69065635
540	1	293318.12019377033	5044794.746974541	298870.09406206175	5040156.694107479
541	1	293727.45310373354	5043089.475746277	290858.87987567595	5040014.231919506
542	1	297374.0451393371	5043754.630273914	295393.82815647667	5041970.092698434
543	1	295831.4226586529	5041375.216421154	299402.14824036084	5050243.494006832
544	1	297834.77917475806	5039055.423076715	295458.54830333067	5049975.550311132
545	1	297746.0187141998	5042058.971547643	291117.7561716062	5041174.773986196
546	1	290301.15018160146	5042808.800252585	293076.29434855847	5045904.24259329
547	1	301533.341178076	5054179.629421775	297943.2339837048	5053444.21980666
548	1	300516.4966744946	5052503.764675451	296764.4829637733	5052870.884399668
549	1	295499.95098536613	5047580.309741574	297520.379015523	5036637.38420307
550	1	295758.6705443951	5038680.793495591	302041.3610353107	5052669.199915172
551	1	296048.90043198375	5048544.988977618	294321.73431636556	5038434.681016095
552	1	293739.02529406134	5047157.99978955	296481.69183870964	5052076.698919937
553	1	290068.35945256735	5038288.7579414835	297867.78588182933	5038584.370126847
554	1	296325.0593402182	5052912.121634275	299458.7988852251	5042175.183818437
555	1	293990.222216825	5044795.2837859	291160.700174201	5045572.945897885
556	1	302422.65220543527	5053825.741521825	300242.80084430706	5047436.027473683
557	1	294275.2816673265	5043841.072182712	295891.5678960168	5051254.594662099
558	1	295167.284334264	5042481.955418316	300650.3202962046	5046616.888649047
559	1	294013.53592129407	5036654.779405606	295137.27507441246	5043804.790315928
560	1	294684.9532796836	5038035.947647037	296682.9739759569	5052955.711918515
561	1	298801.06377038657	5047237.600294537	294339.40341234003	5050362.158289699
562	1	296965.68938362587	5040828.511181767	292896.21407289256	5044382.621055222
563	1	294602.845360198	5036737.87962123	300172.83406217245	5053439.422174074
564	1	300370.2120900976	5051946.166628925	299031.6864203046	5040947.894906293
565	1	297933.07855890115	5040733.376233708	297282.15685083636	5054233.574117848
566	1	290322.1306635554	5040609.95779448	292520.59690766415	5045473.646322888
567	1	295814.0727577368	5050707.234693961	292532.5989129676	5043509.302097018
568	1	296258.97957129224	5053065.411381766	298463.7896225709	5049191.125460657
569	1	293343.09564209986	5040371.407007965	296660.0944219945	5048267.278583677
570	1	291506.2112997697	5039767.763648991	299092.50352544815	5049799.250704694
571	1	291107.3048269164	5043523.949513802	297631.4380149506	5053648.117201839
572	1	296190.16831974423	5052611.7495825635	296710.63720558665	5036428.288967872
573	1	293712.5787998695	5040342.058478255	293013.43997946486	5047216.694208595
574	1	298431.56268007297	5055115.212765119	299762.95976938657	5050573.714627212
575	1	292030.8424821893	5044687.593473693	301700.02145138226	5050487.86771902
576	1	303550.633044351	5052823.825865808	299905.8111176205	5054700.755464934
577	1	300414.6076228587	5048474.940771947	291262.08081523294	5045554.574137162
578	1	290155.4876117958	5041617.469614496	302848.3775276771	5053556.090439257
579	1	292023.4848148858	5043923.815907508	295544.2556076246	5048804.586659107
580	1	298748.91529069777	5043688.543691299	299518.94434266526	5041369.918748438
581	1	299901.5743126466	5049163.16038876	294900.3069491121	5041527.031279958
582	1	299144.9630005083	5047641.393109389	297107.2670680468	5035541.445915051
583	1	302866.0266129794	5050997.032385312	302522.78042539797	5051704.31235023
584	1	295304.6152092416	5051994.6447573295	300199.7019754879	5052308.205167574
585	1	297234.3890700561	5049827.18721831	297904.28448658105	5046796.903553577
586	1	296707.46279017004	5048518.109054835	293138.57188829145	5039122.37744151
587	1	288113.06990159804	5038999.070353703	300688.89059079404	5047088.137823266
588	1	297552.07469041296	5039535.765905597	293825.60099111404	5044434.549007148
589	1	300032.6279549405	5054529.079972921	299536.3741821338	5045585.2003388
590	1	296899.47262620373	5037812.802471738	296646.6978880708	5052422.097238606
591	1	297441.3929704434	5041408.898447491	289631.5561462601	5039350.697692957
592	1	294689.2147144566	5047973.168111231	296458.60044640716	5051908.789989325
593	1	298465.24182573427	5043152.026589134	300302.1847357485	5049345.550508836
594	1	290637.6069641644	5042922.973036542	296649.2000755138	5040359.648507334
595	1	296813.28692482424	5036341.24280155	293319.561804197	5048597.238865578
596	1	295197.68329942547	5039528.235159941	296962.635590679	5037031.429844503
597	1	300744.12414896983	5049457.180436915	293156.3509365673	5047496.4082537815
598	1	297703.2782144346	5048241.632289576	298633.2361295901	5039749.65333296
599	1	293299.43703605264	5037486.03949013	298106.7684834134	5053164.9294513855
600	1	302001.4485064208	5048306.45315756	292669.5189013106	5043297.63244802
601	1	296965.3675686833	5039650.189057133	299248.1094652378	5054648.831334885
602	1	293470.7806627277	5044292.889844937	299272.48893852276	5040946.535846359
603	1	298769.35240347555	5052017.216758825	298749.34413565	5041745.566766914
604	1	297181.5125778369	5038653.362165401	295299.7849369228	5040140.990289524
605	1	299873.68526729493	5051458.486358927	297412.763194587	5053757.146832467
606	1	297399.9469919078	5053740.567499661	301528.64999908506	5048582.77432519
607	1	297074.2457526913	5053931.46291415	292933.5755436717	5042595.699476852
608	1	299030.4431758772	5046532.732942594	297877.6415597826	5039279.481282616
609	1	294709.0793912557	5037848.258626605	294652.48360986	5036812.581339531
610	1	289978.4370099133	5038503.037488603	292184.5872692558	5042015.785917829
611	1	291698.1794257667	5039414.189221965	295945.9859652492	5041015.9051277945
612	1	291295.7695343901	5042485.57465752	300404.2712462867	5052153.760649585
613	1	297537.31125561707	5049641.327050859	300813.99260624935	5054348.953104831
614	1	297319.9156354598	5052458.729098915	296903.00456296286	5053018.400926097
615	1	291270.1249829503	5045297.967343648	297098.9009472243	5043533.97635368
616	1	298934.42481181846	5053775.732563206	294767.7311198096	5043068.975692519
617	1	296329.86177060055	5047820.4173323065	294113.8624258621	5049334.835213715
618	1	294883.8966867663	5047630.544362681	301990.153068895	5053829.407689299
619	1	289045.55668085365	5038682.476713432	294205.3194729731	5036667.3307092935
620	1	294611.88429778034	5046531.08126387	291130.40613394097	5038631.0839225445
621	1	288942.2708053677	5041531.38120041	297346.5787421554	5052161.254893058
622	1	296588.7540240839	5039312.12506131	295096.84224069316	5045674.092766367
623	1	295690.31777809514	5039997.178725539	301585.16534551256	5051301.544417373
624	1	287971.55151672306	5039211.251346658	292360.8667853591	5042100.567099158
625	1	297235.9893387385	5048868.064636247	289886.5513582841	5038773.060485282
626	1	290789.43340797763	5039182.931240833	297352.08531482343	5051572.369352585
627	1	301036.99344568374	5051799.862966296	299157.63872581895	5046774.080239856
628	1	299525.41945738945	5054576.0823792005	298633.95407639537	5049442.381884115
629	1	297114.0682559112	5042973.599236379	297200.7352198747	5044135.880217859
630	1	302885.54548029456	5053532.259484126	293117.7995753424	5043396.3029233925
631	1	298578.836312048	5044066.309400239	300794.7987917269	5045046.938610382
632	1	296691.10021405993	5052096.865964016	296650.035572486	5036324.033163996
633	1	290723.19860832935	5039759.430080211	298205.6742064408	5048281.604729488
634	1	297749.82097541704	5046928.731301491	298989.18998298136	5052582.345813589
635	1	301423.0198676621	5048421.408817344	297186.16272262635	5042627.721022892
636	1	297425.03041445947	5046150.274099327	302344.51126026415	5053746.852179998
637	1	291665.72180198715	5044744.826524576	288367.4674909581	5040342.031674127
638	1	297572.5026035849	5052426.22814888	300327.88921159424	5051506.979546068
639	1	292649.8352263857	5046554.502447266	295226.65330647794	5038203.8934739875
640	1	297140.01327945135	5042087.275902113	298310.7853699267	5041343.60388047
641	1	296541.2133140813	5043337.273306877	291351.17896877206	5043039.407225881
642	1	299244.35481369105	5051754.4965911005	296968.46298705024	5038219.670836443
643	1	298626.6710658066	5044586.879140803	295666.4401406402	5050788.266034356
644	1	291281.3520470532	5041082.405182754	297001.76665913675	5051850.415901135
645	1	289232.83485671587	5040174.084843135	292795.17569973634	5047972.656200042
646	1	300038.77322995866	5042764.600527623	299390.6675529184	5043961.214545403
647	1	298339.2286668244	5046101.916225816	302365.78440060304	5054190.726976872
648	1	296835.4929711062	5041638.10123583	298994.6957759106	5043016.74955856
649	1	291714.3978412473	5040770.641790571	295245.6511427562	5039608.438530568
650	1	296284.53962106357	5053296.780351749	290433.0989551029	5038729.455538439
651	1	294449.8353044825	5048319.990360876	294001.07442660315	5045762.26747743
652	1	296694.0771549183	5053449.408359556	299518.2327242635	5053527.1204549
653	1	298703.3723878231	5049521.032918034	296952.90093187237	5045617.11077839
654	1	297190.83832419134	5040897.056902769	301297.6320264286	5054166.056068272
655	1	294906.74558933324	5039720.284671619	296216.2079426058	5047902.004025788
656	1	297108.21198883606	5048965.051636185	299505.3789295079	5052974.541374021
657	1	290131.87679641484	5043160.357229232	292644.57978344057	5041663.499632063
658	1	296367.935066046	5052610.25482843	293763.1884424455	5046479.0919108745
659	1	295519.96030662174	5050127.358538906	295926.6709355053	5053078.16177486
660	1	295640.1917356328	5050925.366057777	293720.1920572527	5037520.040007822
661	1	292789.1988685437	5046143.38699176	298382.6436329647	5043352.423923236
662	1	295665.07017488085	5048799.572500853	295568.56521676766	5047289.09595211
663	1	297933.9790356296	5037786.237122193	295980.93252855766	5044312.9196845675
664	1	297011.7775637512	5039223.064963392	300968.3534187655	5053363.840395679
665	1	296963.77747849625	5052198.373724541	291658.9077672717	5044066.424973852
666	1	299950.86705900583	5044930.830191149	296121.6993291703	5047846.00798644
667	1	295894.74633044127	5036618.2896955805	294107.1745704115	5039041.44730362
668	1	294052.02209655236	5048251.548033426	294558.802293911	5041164.817895378
669	1	293832.05520557036	5044582.891229254	302128.33722256805	5049744.306937991
670	1	299627.9080900764	5042421.3727675555	294293.84725120757	5041560.446738206
671	1	296520.75233238237	5048467.432084002	300608.9826421146	5052063.936987276
672	1	295971.6165076337	5044520.377463428	295047.8434960492	5040650.399309047
673	1	298222.07503463555	5049014.198493649	296199.1179161797	5042435.570250948
674	1	297975.9980652499	5053522.8937196685	298038.9685534721	5043986.384731136
675	1	294493.2988065873	5048068.941788306	298025.38952778204	5050375.349963705
676	1	297006.9489119359	5051974.307387183	298702.19105078955	5054182.355557102
677	1	293111.87182635727	5040042.637051626	299547.72826060525	5046150.176613334
678	1	296046.50904049777	5048646.691964171	296771.14747121895	5050996.835757401
679	1	301611.44248447096	5051433.578961815	290527.1621552571	5042957.027868537
680	1	295134.29726073	5045440.111123502	288612.44311081874	5041215.884564063
681	1	293803.9355291085	5045244.6518118335	296152.10981065227	5041864.530287389
682	1	293890.26747464144	5040467.393036949	300216.13555232604	5052168.570418806
683	1	292316.27779833577	5043398.089314436	298207.3097995713	5045897.065270065
684	1	291549.03022429417	5043439.80551633	295696.0471029028	5052945.543509478
685	1	297161.5190628388	5042837.016579292	297967.7812499463	5045275.72708418
686	1	292851.2741960702	5044965.411363477	295307.4925245851	5037847.352437045
687	1	298050.08020393696	5040825.220256983	295008.9148963261	5046690.536644951
688	1	293051.80091621174	5047462.041208047	295156.1608594615	5051474.901399129
689	1	289175.5272027088	5039485.716035308	297449.2142719196	5044263.2023935
690	1	296866.1595739643	5044755.785374195	293392.818803449	5037646.076084665
691	1	293531.1956428776	5049194.495428842	298478.5276793038	5049678.880662429
692	1	300890.5510656273	5048246.527826892	295729.5446345367	5047126.8019774435
693	1	301466.0853623476	5053004.046720436	293454.3766176215	5047218.754183144
694	1	296641.0624909365	5048093.378329006	300492.52801400004	5051704.554945924
695	1	293415.0961324556	5043607.087576839	301512.5878548244	5053277.718370651
696	1	292728.3224515157	5041527.187115288	296007.47653341695	5051574.395031181
697	1	293412.7674003888	5045376.385354577	296075.6544017445	5043994.985581355
698	1	292845.92906937626	5037947.197699229	295837.54616961424	5046701.126599895
699	1	294614.45667040336	5039126.252217369	295988.6502009484	5037544.506125372
700	1	293878.38751079055	5049421.069033582	300647.0458832515	5045014.987262924
701	1	300567.8100203827	5046863.768961973	292470.63601459976	5044146.792043026
702	1	294299.7515994109	5050611.154477053	298470.7213647254	5053434.725323239
703	1	297173.5716218385	5040826.586766023	298975.3989330762	5053488.66183972
704	1	295717.63679448183	5050444.989831385	299198.32335790276	5047889.102826904
705	1	291181.6971533904	5044175.284209796	292034.93845307827	5042281.357135621
706	1	296791.8537977702	5049449.382796092	296444.2372726984	5053679.2823259
707	1	298233.1412414055	5054875.0484441845	289744.8834970332	5041643.767490817
708	1	294069.0743692172	5042532.944243257	298821.6271731638	5052689.996711658
709	1	295121.5888637031	5051333.502488113	299760.2111688935	5045419.61411352
710	1	296590.54841910256	5049999.22605295	295955.1341588542	5037218.389280342
711	1	302936.60581412225	5053937.696275831	296436.3087139918	5039827.325673719
712	1	298130.09296901885	5038603.351617815	299052.6043457679	5052076.45640366
713	1	295393.6932226297	5038356.456268681	295952.37960226723	5051622.732101623
714	1	300217.4529094794	5052100.650325876	295912.0127563797	5044968.210132535
715	1	292629.6250536337	5045299.628204509	294587.84092331195	5047945.4522300055
716	1	296300.5764258681	5041435.141851555	299303.00242628803	5042167.694490301
717	1	296008.3596862436	5044619.872734593	295577.7551557469	5048663.591095549
718	1	299747.37148689816	5049229.3767447295	289279.85077021667	5041962.889321357
719	1	296641.8571762266	5047244.05252091	296259.0864336603	5052865.377767584
720	1	299715.08680893696	5051393.868752256	294907.6805353068	5042828.947957701
721	1	295672.25419437385	5051341.509777066	294481.31192320574	5036977.622083748
722	1	297526.80660298234	5042086.6429390265	299041.84667976754	5046083.978806541
723	1	292551.0574641263	5044267.5616075415	297405.50498956995	5051202.3853981085
724	1	299388.7941841406	5043696.021160357	295939.1061288761	5042409.043944123
725	1	296192.16419926874	5039849.506653315	294876.06786698813	5047964.167645451
726	1	291579.9143482208	5044555.231374174	292029.8924435718	5047030.787751874
727	1	293444.8203106321	5037931.143808951	296412.30835056683	5050546.552243294
728	1	293512.4276270367	5044930.825592413	299427.37942331977	5054114.318754815
729	1	300049.4755006325	5052472.358487348	296897.63949886593	5049740.245725182
730	1	291051.18466206355	5044469.359569223	301583.4039065118	5048126.139232306
731	1	296421.3373951117	5039666.7942384565	293213.0672047453	5040803.765951053
732	1	300332.45715112024	5047206.708030765	290523.22482540976	5042030.633082008
733	1	295669.0717762896	5050668.161622366	301872.1014485923	5054098.9469296755
734	1	292628.91814368096	5042127.042637375	295835.43046217936	5049397.667851242
735	1	292727.2974150853	5037132.730089726	300014.47306198097	5048454.760487582
736	1	296095.2877189077	5036900.384927476	295122.463280315	5049719.186144761
737	1	292006.271795059	5041309.7084279675	302097.7841093207	5054020.992351151
738	1	299214.5118629266	5046365.852245491	296433.3225231735	5051361.551400587
739	1	292898.96148706437	5037401.981144024	295732.13487904874	5042547.104342621
740	1	297527.4551300289	5036011.322494555	297992.02712109877	5040351.312047801
741	1	290591.4801791389	5043169.555816442	298921.9156474027	5050395.828890631
742	1	293486.3410169425	5046081.737274826	295255.6218846552	5052172.266766805
743	1	298149.2103646802	5050485.005068056	294322.9001069967	5044402.014700513
744	1	298466.40394208627	5049843.122654035	291082.7654367505	5037833.442564545
745	1	295754.8533649227	5049426.82100832	291678.7382595509	5040223.179723768
746	1	293223.52305081236	5041422.60934784	296516.41972631274	5044940.799854266
747	1	294566.6537622244	5044017.292604369	299813.49840959016	5044578.509894211
748	1	297362.2010846012	5053323.8410934415	298217.77876533894	5053738.096980825
749	1	290303.95099525334	5043331.866782063	289924.91081713355	5039725.314461606
750	1	295977.0389107442	5048944.733506053	301224.4145398429	5054217.250490468
751	1	301729.59123620973	5052139.888133188	298597.13987806294	5039789.492838375
752	1	300198.57725217624	5045571.126349317	300214.54097271024	5044780.919966795
753	1	299178.29540277645	5041348.476774736	293551.1863480871	5048745.574608671
754	1	303067.7076880484	5051496.559513703	293708.77277406474	5048604.989790547
755	1	293439.41401089495	5040308.700751164	301567.2837383495	5048490.708553203
756	1	294453.1776267868	5050134.0736842295	295730.98281780106	5040328.669616637
757	1	296757.3299751785	5037140.276202154	292652.3653487727	5047371.055729881
758	1	298404.55078613217	5053743.190336905	292050.21102735633	5043074.611143994
759	1	295099.5927010607	5051355.117805637	296264.6924840673	5037712.213772421
760	1	295765.67245879496	5039900.5332011	296459.0977370105	5052015.282057377
761	1	295222.0356099478	5044970.412931177	297896.74793106137	5042637.050174626
762	1	297712.3885849705	5037544.610821011	296869.7278955355	5050731.542291354
763	1	296529.7575465032	5047505.617709686	294200.83232507476	5050493.394594277
764	1	297443.13960337196	5052890.163240919	296495.7628005678	5049473.517042649
765	1	298640.3049288622	5039238.0616001375	300076.2524850514	5050064.033967222
766	1	297823.1451171401	5053033.730768912	298916.1619928908	5043209.157410974
767	1	295326.11514370574	5042494.454293563	296138.857171587	5053425.961604253
768	1	301578.8445365643	5048237.043707378	295376.31473507953	5045518.271318752
769	1	293517.5298311797	5045158.889067208	300625.1878034479	5053735.123428984
770	1	296867.26924825757	5053730.369559715	292455.85062772274	5044563.581673276
771	1	302248.6183544882	5050175.2326883115	296739.7031414759	5042094.230615949
772	1	300245.9877621099	5046759.499500724	297645.00266010355	5047427.404964653
773	1	300410.69410813524	5052537.9887294425	298318.0662880042	5047303.7573351
774	1	297692.82021126605	5039904.057198648	295365.58042768406	5036244.426484704
775	1	290928.57592046284	5044871.042770523	294852.2183512697	5039421.885072643
776	1	299949.10207512893	5050829.128161015	299534.9753769834	5054162.392545402
777	1	293880.28731420793	5041379.81320512	289887.53380958847	5042703.617513379
778	1	292109.0784623797	5038402.922529369	295973.951623523	5050662.883744197
779	1	297908.170180462	5049677.6446174765	297018.09378143377	5052697.26108722
780	1	302043.5646867323	5049031.3467417685	300762.79942987737	5052800.2667604545
781	1	295588.8440425853	5037829.928144752	296053.3140912583	5049633.448958685
782	1	290717.15704663633	5038439.133978494	293711.0747595916	5044920.545866455
783	1	289392.9375721286	5042374.649814443	294369.36408813606	5040696.911455748
784	1	302629.4892631576	5051302.792872538	288916.6670060964	5041267.2935336605
785	1	301067.4878959845	5051247.72723134	293671.4815974682	5039087.547715513
786	1	298296.2834010247	5050557.454405766	296770.74085217563	5051537.601324288
787	1	296880.7042209051	5053147.342932057	293481.85805191705	5037171.978181463
788	1	289656.48166818696	5039291.11260544	295699.2402244458	5048318.866251934
789	1	293895.05572813505	5050007.788019424	296978.45595549763	5053223.057047913
790	1	301862.71775573865	5051866.83373797	300442.1705966586	5047841.441418202
791	1	302506.9945676431	5052848.15249752	296368.2565699908	5048330.4029568555
792	1	299885.59642726404	5054072.644779567	290080.7147047651	5038643.735219443
793	1	296815.65278947906	5042560.092722679	296560.66467459465	5050062.155592443
794	1	300205.39942770806	5050394.571496205	294179.21478443604	5040526.944938025
795	1	290917.547699645	5040189.298541358	297450.150676429	5052358.795191521
796	1	293960.61328225164	5046020.039685655	294044.3427633781	5049866.347779914
797	1	300003.17743650737	5047510.080309842	296183.87421931553	5053402.928646365
798	1	298275.1602744164	5041865.105850055	297644.5737091363	5049476.246577662
799	1	296588.7081801743	5038443.2527580345	297349.25945103593	5046423.12576782
800	1	296376.6755745977	5036101.198126649	295587.06255931605	5037686.700381938
801	1	297107.71073946037	5036382.494833011	292960.6943435829	5045281.562998495
802	1	295213.7692717664	5038634.72713691	293883.30805668386	5049281.19521115
803	1	295766.1080021245	5037266.318553664	290866.09331774106	5040149.885733739
804	1	300181.8448733196	5047145.55549903	293435.61667930364	5041752.981234701
805	1	301126.9795252443	5047372.347319935	298804.43582286354	5053113.409407015
806	1	299193.2629906065	5047855.780443776	291797.39042039943	5044398.590492763
807	1	295110.3595889834	5051866.009616373	297393.64576087135	5052544.421268745
808	1	300561.1167199824	5050118.410547108	288783.0910589068	5039027.11076591
809	1	298111.85688132985	5051246.763829414	291945.2121746028	5046485.943082825
810	1	296772.13597665	5043582.752429372	295672.37358958146	5041400.270789977
811	1	291450.1284474276	5040283.06348982	298149.755025512	5046620.119685464
812	1	295286.7570902485	5046446.893764694	297252.5688548984	5050061.545143384
813	1	298256.28516633174	5048341.813710392	296281.7603056538	5050195.964139754
814	1	299257.12129341636	5044294.178332111	293408.6846940842	5037978.361458883
815	1	298077.94844187243	5050083.06160112	297084.91270530893	5037717.902436694
816	1	300238.9161869725	5048927.918722084	294705.6599743607	5049216.647664139
817	1	301201.4192354853	5048884.865828793	301286.3531763005	5053451.008134661
818	1	293484.95801656524	5041144.494231172	295857.4209102025	5047747.788149859
819	1	298879.35693020857	5053369.939470927	295879.87084256986	5046268.796911065
820	1	297285.47870803264	5052688.333770255	297963.49502859847	5044252.546909461
821	1	302261.31465506734	5053425.047996955	297394.7600615912	5044167.116310773
822	1	300303.01481785503	5045845.348855852	291898.5034121319	5044442.720583682
823	1	296137.886026202	5041113.037417837	296347.0513407077	5047259.974274958
824	1	297222.3108462439	5040338.021757875	292628.40347491537	5047117.036897444
825	1	296909.70356651256	5040613.890904037	296391.55879357934	5045072.506148962
826	1	299618.4679072455	5051258.664705436	294227.4846277175	5046569.074832838
827	1	299757.1924269563	5049243.812147261	294354.1078693431	5048663.198091857
828	1	296869.8744439002	5043725.601517025	302201.2530277387	5050074.668285781
829	1	292555.26662930974	5047133.369122407	296362.71309698554	5049542.544381328
830	1	295019.9889271715	5046680.9428226715	293469.26772867655	5043068.247837409
831	1	297199.02128031844	5041131.9956048215	296266.60583644494	5042155.871237287
832	1	296112.1442056349	5049112.604212563	299035.85889156826	5045565.97688696
833	1	294739.1991883743	5036552.317233673	297887.31397778064	5041750.672564567
834	1	294442.67749741825	5043975.909372768	299015.90992477164	5044800.543766387
835	1	299200.974018014	5051128.612716116	303610.4792352809	5053612.727375644
836	1	295438.141074004	5051131.045403782	290546.12720490235	5042292.627229268
837	1	299926.0989531421	5052885.015996228	289434.43576463935	5038691.993154272
838	1	300890.1128632232	5052812.286422433	292669.31557413266	5044066.140780339
839	1	301054.073242566	5047786.695402516	289470.2588297135	5039059.709242675
840	1	299320.3805283448	5054765.4051135145	294220.3200479226	5040824.18335794
841	1	292731.49313325115	5046932.705821321	300545.7532597393	5048130.913222549
842	1	292526.8064311008	5045909.689916744	301416.07410642103	5053746.344727123
843	1	297719.9774050436	5039496.68777194	295703.26536919805	5038262.962214473
844	1	292198.2139919267	5043327.810773476	295058.77959972015	5044142.852246622
845	1	299830.7868342399	5042516.353863115	294373.4415535923	5041742.194994739
846	1	294432.21461359324	5045907.215616176	297140.4180036629	5049765.071134624
847	1	293909.5703302403	5041240.086477271	293062.1014748409	5046063.411909848
848	1	294872.31411328306	5045728.590036895	295389.8250147269	5050170.168599251
849	1	296562.5525377869	5041247.714235856	302858.43216984865	5051292.794080003
850	1	291540.40997827554	5038909.734510856	299007.8350050893	5051661.139963887
851	1	295975.4429338046	5046959.378712736	296596.5686518757	5042207.949721727
852	1	292640.7283439491	5047543.403204242	301439.3044861407	5047634.9576788265
853	1	299818.11699381686	5048924.534912	293748.6664930632	5046493.748143996
854	1	293580.86362177425	5048169.78471376	290180.8600848549	5043994.485081523
855	1	297919.7297775045	5045978.253463001	292749.2567124591	5046550.0881329
856	1	294443.5546439506	5042460.394375584	299017.9269903817	5054145.54919696
857	1	296375.0671739867	5048313.200988749	289504.62356985285	5040694.2622747095
858	1	298968.9459677341	5050920.657546206	293015.09214238427	5040486.699257838
859	1	300581.6470798407	5048602.683666452	297493.4918260672	5042184.732513854
860	1	296767.9186089251	5040662.680190961	290402.4211027321	5043552.804679353
861	1	297936.7368804335	5052703.577935161	297362.20595680876	5045164.003148594
862	1	294993.71443869494	5047180.189459052	300458.7114735617	5046944.047515121
863	1	291926.4938041094	5041953.834104473	295449.0857769973	5046778.908164231
864	1	294674.30842293473	5049265.35194833	298620.4062469075	5047628.800182107
865	1	292416.3558471784	5045264.55199379	294178.3237381845	5048024.13943699
866	1	298149.3936001153	5043452.528369428	295023.1668047573	5045843.930936215
867	1	296920.8980863832	5052664.556956777	296601.05325221166	5040118.332020745
868	1	298734.87398984586	5046295.439773526	303347.29247915896	5052494.6708895005
869	1	299978.9031540612	5045112.654091342	294630.50808465213	5049107.711962587
870	1	303218.2601507065	5053616.761958038	292877.51503065554	5045689.951636026
871	1	297955.3512541576	5052436.041978816	290904.0982375529	5043957.138931768
872	1	297842.9356722843	5048630.315306232	297582.19149129855	5049500.127125312
873	1	296263.95294022025	5051498.777081901	298350.9678856112	5041561.452603636
874	1	299418.65162140894	5049252.560013545	298344.78295832785	5049195.527631989
875	1	303795.93026695965	5053853.846972913	293389.5289977127	5045706.105120951
876	1	293582.0812493602	5048960.580211276	296773.16168939706	5039265.037686945
877	1	297295.75312636944	5038084.759655408	297058.9088716239	5043762.51369631
878	1	300149.7354209432	5053429.003392696	297073.834918011	5045486.5283128815
879	1	290617.30110159755	5042921.081529904	292732.56877214403	5044220.389459032
880	1	288159.41993732523	5040762.309263772	299829.0889224259	5044602.103059265
881	1	295202.58916419826	5037883.662586964	296180.9491293571	5051177.946890604
882	1	296162.71704705263	5044807.568587036	300344.256240722	5043557.441215166
883	1	299179.07969412603	5051152.74577743	297596.71881881857	5038365.589206437
884	1	299683.02227460436	5043034.007362248	294634.58986377344	5046010.420443407
885	1	294026.91908285534	5038981.187210617	297081.6563356387	5038339.940461864
886	1	289724.04076261097	5038680.404719195	302882.4705742284	5053575.630707912
887	1	296808.01068023563	5051601.2991994135	295004.2119017144	5037824.348669387
888	1	292957.6773155318	5043701.777519504	298306.27896787843	5050657.452963712
889	1	298813.1626027031	5045967.745124593	290954.3491467137	5042948.785544124
890	1	303003.69805456576	5053366.307879392	296241.891424014	5041497.600588363
891	1	294765.2149792199	5049431.515258601	290476.07792674925	5042315.840561954
892	1	292832.98518323037	5043201.975264142	297096.0311201088	5038472.824103274
893	1	296784.52056274336	5052984.103087421	291223.821896833	5043711.011660919
894	1	294304.705273208	5039681.486932754	298765.6948052783	5040202.096139634
895	1	291504.91542082216	5044607.508518476	290455.62764212716	5042845.999633417
896	1	294862.44986261014	5039515.7609204	298866.0020784425	5039481.907645091
897	1	297118.06048295985	5052676.408194504	299569.10901851393	5041669.458884871
898	1	290844.3179903247	5040356.856783264	298452.55414940557	5054280.931872399
899	1	300011.54716740124	5045510.254685092	296625.89011137304	5045665.551393756
900	1	296914.10016384494	5035613.841918656	291047.26570392825	5045096.502328805
901	1	297305.0825705974	5036078.11977566	293756.0237366062	5037604.523780678
902	1	296392.47078079055	5038615.171668576	299134.05552556436	5050472.398867093
903	1	293661.82497870264	5046669.8277373	299051.7305581176	5047113.244658717
904	1	297128.95971612935	5053072.073244747	294392.8779540414	5043424.3186268555
905	1	289899.08597659826	5042460.8876056075	294130.1751927011	5047021.448760902
906	1	288954.7692371807	5041099.845351676	294625.6562087309	5043675.805762874
907	1	296246.87950065127	5043403.578290433	297960.38519876293	5055010.615350604
908	1	293318.1414666432	5038993.652773508	292050.1604271127	5039601.151894538
909	1	293602.1318497188	5048861.883842154	295916.4559106659	5037430.760930632
910	1	292004.3289996701	5044278.270829296	290043.4673237401	5043057.028338535
911	1	297016.07546199043	5043534.016610932	299950.52714175737	5050785.475748168
912	1	293480.5895841658	5048575.011498785	295229.7173681889	5039885.456709646
913	1	298562.1950145176	5054889.505791292	291568.5272912844	5039443.653869094
914	1	297487.5752438783	5048858.98188423	294479.06208254735	5049776.662948783
915	1	291914.8014812983	5046128.332657532	298845.208424856	5040280.518910065
916	1	299293.2311818551	5043506.773166039	299888.819743997	5044662.816756347
917	1	293056.2363375524	5041655.394984969	297047.75886429433	5035374.968028432
918	1	300311.82131156354	5045073.07328244	301197.6085342498	5047350.52908001
919	1	291561.06099661806	5045880.702461055	292507.16749219655	5047416.589711746
920	1	296520.5833551564	5051445.9708793415	290541.03764943505	5041783.480053746
921	1	300762.4399326036	5052563.809273793	301444.9938813631	5047023.691753695
922	1	295303.26716863003	5049121.619488101	301183.4462206086	5052944.159483867
923	1	296026.093352623	5046227.681145124	297828.4327999548	5041587.012389298
924	1	296451.33267881366	5047371.25955162	300947.0298981762	5051734.949833436
925	1	301895.488277938	5053012.631273161	299568.76136869215	5045888.720464649
926	1	295633.3935413241	5039085.689243957	289250.15221843636	5039317.226431555
927	1	296884.56209520175	5046721.908025966	296411.7591305611	5052530.961015021
928	1	292830.2029681146	5044652.496368948	296580.0701815289	5045289.411024078
929	1	301981.0973000252	5050820.165052034	302261.9495015574	5053935.947725867
930	1	298734.97250915493	5046923.51363469	299520.2501539855	5041185.774975629
931	1	298245.2210812471	5047172.621110134	293069.92361832934	5041388.62065026
932	1	294042.74134381954	5043747.264116762	298144.9076029548	5053180.346198426
933	1	297351.6919231695	5047227.789979725	302387.47453002696	5053305.701494149
934	1	300374.8731054033	5050622.200371147	290247.0286234926	5042093.164041832
935	1	292570.9481064728	5046613.561253119	292923.952443493	5045778.983195742
936	1	297214.8550507945	5039660.258191291	297670.46678021917	5047667.707538424
937	1	289657.8196660053	5039164.755194596	293925.38199229346	5045600.206188996
938	1	293054.48191005783	5044420.6679093195	297245.80060215463	5048976.0938581955
939	1	297593.05470158294	5053092.096929716	298777.54150497314	5039296.158146617
940	1	293803.019251765	5042578.190237787	292775.8617524657	5043825.3336828565
941	1	300183.33592774754	5051954.120307734	298435.5282148594	5053872.125532637
942	1	297132.3273149953	5052894.921437286	295519.4535594922	5036865.237385475
943	1	298206.03490099317	5038600.927479372	297817.7533655434	5055088.422854308
944	1	300466.8417482573	5046614.06114784	301728.8722077376	5054370.123526287
945	1	293652.2408843482	5043707.439650003	295781.76361960237	5038619.981108615
946	1	300030.5162839017	5053980.945122078	302253.73915193306	5051507.291920216
947	1	293354.76572675596	5047579.603021757	293596.40736713726	5044628.7650964735
948	1	300059.77218348806	5051487.087807254	302826.47853128065	5053954.064619349
949	1	294656.3121629856	5047124.31953041	295986.1867524896	5044250.704229678
950	1	299176.95768779604	5047550.999635887	302400.586837667	5051445.446081543
951	1	295783.96857879707	5046790.384709988	297324.8158298107	5038688.6089403555
952	1	302056.3357587069	5049037.041347156	293215.16634216724	5047701.872536304
953	1	295575.58236536407	5039109.919487958	303469.4865005677	5053656.5145224435
954	1	295463.2100635249	5052201.7593416525	297984.28878295136	5046094.75480049
955	1	297235.70716736745	5044938.178256461	294912.6453734108	5036452.781957467
956	1	292443.56984988676	5040054.961971665	293632.7483962462	5038662.468216483
957	1	292539.0098575103	5046208.117751895	292264.1976811385	5037804.3948502075
958	1	295402.5518593761	5038684.081327678	298162.9792194157	5042794.451264034
959	1	302328.45372186636	5051590.703265783	293093.43337302323	5044083.721480144
960	1	295417.433585314	5051880.70247204	292805.4133596886	5041468.345914513
961	1	292802.98407369363	5045135.958154006	293179.6052998411	5044990.035961479
962	1	292797.1403863581	5039442.104871311	295107.8576823848	5043952.611560135
963	1	295596.85795449134	5037341.739815084	300129.2666256347	5050752.519205345
964	1	293436.4472928263	5048633.675191927	295991.1375259088	5036618.384147732
965	1	294583.9563391958	5041161.029089568	298658.1745412392	5054324.336211386
966	1	298797.09366555914	5051989.891572041	296535.86148005724	5038149.482452788
967	1	299116.49551531306	5045887.236988797	291092.1480572827	5042059.745563949
968	1	297780.09171655466	5036270.529245092	295677.048648988	5045698.769570928
969	1	299553.1206636891	5049544.258945517	301636.2002515464	5053943.853101821
970	1	296467.9492985628	5048356.603154582	299339.47485052556	5049529.564301202
971	1	292955.9017317793	5039828.591138517	298541.9407755872	5053963.099008465
972	1	301335.0286663953	5052600.100064948	299185.8878469844	5042047.859552466
973	1	299138.9944653499	5054490.796418025	293884.2982636728	5043117.947620504
974	1	292443.5044422401	5046179.439785519	292729.7331137881	5040774.422627184
975	1	291329.8294714347	5043200.0231376095	298368.3852473786	5051676.025400977
976	1	292769.5223192156	5044789.754861506	290138.20457690017	5042148.62399784
977	1	299926.9955907003	5048418.019148047	292897.4375599659	5044646.258094807
978	1	292885.54654090886	5046242.663583135	291017.66634263995	5038539.982027868
979	1	299974.73832667875	5053213.881980144	295528.4078416832	5051744.109035079
980	1	294631.7916308581	5049508.237107319	290465.1928316194	5044582.366666163
981	1	294464.55085924105	5036894.9861628385	298103.09214796964	5045040.658020429
982	1	291884.6913771323	5037851.647949526	293105.75310374843	5047711.323142547
983	1	294798.65621581784	5048271.114224724	295181.53770157474	5039067.804921508
984	1	295856.63603068923	5051295.384184734	289027.18434698775	5041666.661310769
985	1	299243.0331252988	5046920.592760734	292067.0078678773	5043327.650889754
986	1	299852.3463796354	5046048.722511886	295578.80840377207	5050420.010096682
987	1	292092.9438049355	5046541.160920208	294751.1904209659	5044003.242883617
988	1	297208.64537095564	5043171.775239016	294070.7432397363	5050115.324046731
989	1	296132.6494340687	5037562.404275646	290541.00362930936	5042355.776401279
990	1	289624.95110213355	5042931.293714361	302642.75888715184	5053553.453732482
991	1	290756.1568179007	5039751.112696344	288730.4003406599	5041702.402504138
992	1	291665.2779170804	5043568.765115495	294544.99978900026	5050100.732637857
993	1	296497.3592955354	5050721.063314604	291384.67571421206	5040582.932022905
994	1	293449.48188782675	5048882.115345194	297110.53487581026	5038828.7403650405
995	1	295221.85381527536	5046006.565863234	295322.39797584794	5051850.42053345
996	1	299580.820544074	5045579.555426169	299230.48783129104	5043356.615628161
997	1	292506.76776790683	5042433.802627307	302880.17864757485	5053041.865224813
998	1	298669.07328003633	5043626.723414946	298803.40737276635	5042563.842533945
999	1	294453.4383000574	5038942.760127238	298382.653921669	5038073.581956584
1000	1	296052.4592576119	5052065.699220291	293388.1177805525	5045966.88220232
1001	1	298856.55941174086	5050155.717577704	292970.1686146515	5047854.78217093
1002	1	301911.3738534605	5049746.555047464	297311.65878481517	5049984.843569284
1003	1	293320.04856333905	5040561.457173435	295561.7824733929	5048959.928371347
1004	1	294358.01171946834	5048688.540970517	298636.94500942173	5053118.375480225
1005	1	295300.67139719706	5051262.6617582785	292435.6869762316	5045076.91802982
1006	1	294691.22653363727	5046654.394404023	299942.6469080191	5044289.997858419
1007	1	301028.5989206951	5049893.714842929	301672.39309548476	5052512.978911816
1008	1	298420.86155038816	5045029.737222587	290862.71872836904	5043921.222931347
1009	1	297908.59174578864	5040022.969028313	296038.3641620696	5036338.351617298
1010	1	298172.9318454537	5055197.649618179	290618.07845837	5043286.884307128
1011	1	293903.4513603029	5047482.671338136	293508.12254978355	5046525.263802634
1012	1	301555.72091847844	5052642.042670712	289392.29093096376	5039739.0596678285
1013	1	299034.20754309575	5050151.111593145	291646.0995091611	5042207.23000345
1014	1	301836.9557324037	5052819.994615406	302269.8922430079	5053136.416553194
1015	1	294743.7209792621	5037355.120784379	296744.9577081464	5051340.103357056
1016	1	294567.5703536108	5049971.514042954	289642.16815440374	5038663.845101575
1017	1	296041.20113806473	5052333.116033379	296891.6083938975	5035935.608346758
1018	1	297057.89114514674	5051585.341402651	300696.8483020103	5054116.295053039
1019	1	293858.05453775625	5040503.826251939	293143.8551869622	5046128.566658042
1020	1	302023.9824055114	5052370.72153742	301321.9620997983	5052645.240988923
1021	1	296934.25580966705	5047309.9597997945	293093.3252575968	5045362.565213023
1022	1	298955.67390971864	5049283.780660676	297614.16591818666	5052493.506332226
1023	1	291056.566470613	5041831.6475954065	299267.74717368046	5045641.597068307
1024	1	295711.3622976294	5046793.896354752	298547.634847932	5053361.693291174
1025	1	295333.11142883106	5047507.178320707	303005.11254426255	5052124.572419224
1026	1	303112.0906283503	5052874.847100383	291402.22532956145	5046016.404115771
1027	1	293409.566440941	5045975.088441184	297064.35766748525	5050057.199386669
1028	1	295262.48067686	5047937.939920992	299096.6710471654	5053560.975706562
1029	1	296720.7144822906	5051210.388153602	291565.79878585483	5039887.954483294
1030	1	295747.10756761226	5051420.264696733	288850.1569915255	5041222.766984059
1031	1	293995.34878611966	5037164.582070584	296135.3514395333	5038959.504731514
1032	1	300546.23907317105	5051537.392364353	302544.40346066846	5050049.317426399
1033	1	298087.3017922792	5045397.920658595	296187.11515750294	5048225.374719396
1034	1	292133.2639458393	5038012.721699809	296843.8217298114	5043623.019998238
1035	1	292345.5054016126	5047234.52109911	296687.30650018464	5038450.3185778055
1036	1	296799.3881222764	5045956.4210328385	296473.5880807424	5046004.636872612
1037	1	296111.6474882506	5042987.303053522	297460.9770668699	5046383.053176205
1038	1	298827.22631182923	5042970.020512116	301148.81398614415	5046852.470227759
1039	1	292838.1391756101	5043922.525866188	299731.1946715176	5051464.931592753
1040	1	296797.05666169676	5035984.971285268	293940.38113757106	5045962.378824154
1041	1	299374.73275465297	5054714.831318899	297543.78915278	5050952.22995134
1042	1	291410.4867203855	5039039.059580557	292841.106521523	5044440.30633523
1043	1	295790.6619843034	5047854.539925166	298806.11561154446	5040300.585871092
1044	1	293816.13980964303	5036944.714116097	294684.77504790237	5049026.883409131
1045	1	301573.9650384704	5054248.569630752	297912.33515778545	5039993.2091890415
1046	1	297752.93905786646	5042811.755827985	292278.15486475313	5044926.485450375
1047	1	299115.930418541	5045951.4065515185	297239.119067582	5048136.841696994
1048	1	296182.8816810108	5052637.292715812	292229.1253366876	5039328.338699172
1049	1	297971.25928996154	5050200.927936847	295071.38216617645	5047727.112441501
1050	1	298651.91645064007	5050769.546662789	294668.965348885	5040581.537851864
1051	1	298776.6590250439	5046326.35539144	299154.725090715	5049906.469958579
1052	1	299038.0029421313	5046863.885452071	296978.396800332	5040866.252313479
1053	1	298977.103886816	5044537.235495633	300272.03051673755	5043281.925562716
1054	1	299679.91621497116	5045427.223618798	300177.7865508221	5051759.870200332
1055	1	296893.51515271404	5051000.086809	290349.66507657035	5039454.322189873
1056	1	294881.51024646824	5047356.864780043	301144.46148638614	5054417.552905074
1057	1	293221.50660220144	5046032.054789705	300688.3947614594	5045301.862387937
1058	1	294297.0082346917	5050298.883840807	292878.6677611043	5045328.193515955
1059	1	300029.64378691337	5048210.641642088	293072.3572230926	5037723.780381068
1060	1	297221.0658443505	5054392.614242787	290425.1157774554	5040891.400502039
1061	1	299316.3469108033	5054575.061728048	292369.9813963586	5044303.872437372
1062	1	300614.9532427858	5051856.495139808	296949.94610625604	5045605.781717069
1063	1	296020.7537182791	5037197.480376714	292424.9409712297	5042324.362502481
1064	1	298708.26935273537	5041686.18780994	298652.1347775036	5054818.487180701
1065	1	291561.80438336317	5044243.89877695	297160.2378609822	5044691.039082324
1066	1	299252.181899697	5044918.962148849	296841.8728978059	5042182.636464703
1067	1	289030.59999265405	5039403.793569872	300781.071051853	5047435.053292636
1068	1	297475.8095709852	5035579.488139105	293308.40585343796	5040251.777832569
1069	1	294534.33618179645	5042982.058788329	297915.42039613717	5052746.006502511
1070	1	299789.7652394417	5047847.688599779	290898.9534197941	5043586.866905647
1071	1	298259.59819249786	5049655.084446903	292388.11900222907	5042714.294642307
1072	1	293287.6320567908	5041911.7711197175	292378.2709779394	5039038.6598705305
1073	1	297194.74969212385	5040250.25454357	291481.6747036345	5044095.846583019
1074	1	299322.74655503803	5044476.226512776	293181.59237069834	5042967.754048671
1075	1	293221.58745653485	5040654.107993187	299269.7462905183	5041938.69269715
1076	1	297196.9399980162	5040870.889814041	298456.1748090354	5049546.241247923
1077	1	301838.2737868052	5050304.310801343	298749.5510111328	5054023.0163822975
1078	1	297419.02241166565	5049421.7148976615	292451.7902427216	5040838.631007874
1079	1	294577.476532903	5043070.039781223	296857.7961780034	5051601.1288526375
1080	1	293220.5286667169	5046915.0944017945	294770.7482992139	5040509.148855167
1081	1	289343.53715481516	5042169.071895483	300711.92849761253	5050436.818335631
1082	1	296933.593258935	5042926.155847706	295857.8420451808	5036350.962989458
1083	1	294130.779320794	5040131.574686502	291282.8759585568	5044851.223811195
1084	1	302504.5865911882	5053061.277794965	297468.92616083444	5047254.535752863
1085	1	295931.87748541025	5051911.98483554	302167.67902475846	5050563.96194026
1086	1	297087.7545737979	5041468.682322744	295324.2177558631	5047501.626622854
1087	1	298887.1058295002	5040618.0488521	293727.6910256795	5048058.260826997
1088	1	300162.7291971755	5052562.622329741	300992.8599719633	5047205.025925891
1089	1	289512.16559704207	5041485.090686282	295510.65822576976	5048860.055175998
1090	1	294778.59061426023	5042499.686415142	289117.6582348021	5041765.613624804
1091	1	296403.6091794711	5052991.876224834	288529.7669410072	5040125.746681894
1092	1	300189.0425846499	5050067.468909151	298474.7024953482	5053721.403598281
1093	1	294033.01750059467	5049939.37829132	299586.1648271925	5046715.618882683
1094	1	289599.5284966074	5039876.846022098	299257.6556068361	5052184.706736309
1095	1	289089.7296261277	5041899.409768709	291234.4611284515	5043843.135410309
1096	1	295789.76295507635	5037407.08221186	296118.24519326753	5043996.609045572
1097	1	295878.81809015706	5051964.025741613	291192.0754271238	5042905.874049374
1098	1	294396.05932206346	5046721.069639489	289596.5359143843	5039524.957122352
1099	1	291898.59079153324	5043741.438167732	296673.74969060096	5047555.785211508
1100	1	291527.1900531494	5038460.462844598	300382.69945004344	5044341.136215148
1101	1	302982.2436435483	5051460.0371201355	302237.81846504635	5053409.405107198
1102	1	296861.7105093957	5051510.014817538	298406.827897968	5043636.081891497
1103	1	299538.46388877474	5044449.207003983	300828.5016113423	5051784.46281566
1104	1	302320.61894546874	5052173.18641505	298763.1059212911	5041450.480097156
1105	1	289670.23827463866	5039399.155933234	301918.0194444616	5052760.121785236
1106	1	296789.7826254169	5047129.502629018	297250.3073001179	5035344.903880342
1107	1	294944.27204322704	5037227.090066055	292067.9467506907	5043064.38145759
1108	1	291219.8798149438	5042248.903186984	293165.0054481886	5043845.17838217
1109	1	298030.62138231966	5049147.95583475	296022.00967455574	5053077.463867855
1110	1	297440.20663305616	5037056.297479884	301380.5798704315	5053315.982636498
1111	1	299382.569912822	5048379.10774189	296126.67384889105	5051304.343473444
1112	1	296260.15108601307	5052279.80505764	295005.28041742276	5039752.904175375
1113	1	297105.1347359278	5048832.723869883	299353.8433468995	5046735.24162705
1114	1	299471.763038272	5042590.974440871	293311.43865697033	5044999.994425121
1115	1	300934.6416306496	5052956.607824489	298458.1858495088	5052864.503211781
1116	1	296549.1685457107	5041750.042258891	296712.1224360614	5045694.787631053
1117	1	290807.7517530599	5043244.341370091	292620.416770971	5043475.819099256
1118	1	289432.87240033527	5041671.168952913	299205.1278857681	5050506.23182477
1119	1	294045.6846535345	5041983.232524331	294144.9742804001	5049115.651919086
1120	1	292060.2911644617	5041218.763043473	302712.6270850274	5053465.416482551
1121	1	300461.60174020595	5053928.239951594	300361.7792749848	5047325.124279628
1122	1	297695.1456833404	5037798.141092676	296356.200813048	5049197.434986768
1123	1	294456.04084989306	5038657.202728193	291227.1031503046	5043751.441188584
1124	1	292472.5043932191	5046234.7132444205	299131.26555122534	5042988.8177171275
1125	1	294189.7131847353	5037044.581588527	298592.72474926425	5041313.64847166
1126	1	288664.80689127056	5041591.413693662	303607.36166497343	5053747.256171496
1127	1	297356.83502488123	5039667.48086964	300482.61205381725	5045995.884619339
1128	1	293472.2065888285	5040879.312450018	292304.3930882778	5047303.905990503
1129	1	300487.3059496099	5052042.528833589	297479.0949790614	5046470.484719563
1130	1	296409.7113094528	5039889.40905744	288109.83067273325	5040089.833087587
1131	1	292196.63167277887	5043466.855634188	295741.81478382286	5041487.269409725
1132	1	297066.26820056123	5041537.93246802	297799.11369961326	5051591.62936898
1133	1	295517.553075204	5039871.041130932	300375.158589218	5045269.612132857
1134	1	302784.15316550387	5053382.48522444	300228.1704294832	5054169.527319005
1135	1	301240.08003397705	5047593.877205935	293292.14750880864	5046797.49141915
1136	1	293191.38550637674	5046300.430833227	299056.58659460343	5041754.078629667
1137	1	299539.70757107256	5048376.30231932	290749.55580535723	5044597.337479064
1138	1	295386.8687266399	5043007.085436638	292132.1245453442	5041633.263440991
1139	1	301785.96236001886	5048748.7170415	291392.055089674	5040411.798271222
1140	1	293146.9158667207	5039081.588839812	294421.18683018355	5042907.19179252
1141	1	302127.3651823459	5052480.4639991615	302651.2005829325	5053964.066903365
1142	1	288366.0963371383	5039577.137565805	295405.0836078225	5051044.507008558
1143	1	295472.3286130316	5048466.616208948	302360.72212350403	5052891.983143254
1144	1	300265.8459657357	5051841.394568474	295737.5298855533	5042939.941432501
1145	1	299219.50898520864	5043804.84105372	290124.4988186325	5040545.566329635
1146	1	291368.95725684095	5042326.339557348	288963.2761943544	5039545.049161085
1147	1	290255.9989338323	5040881.90009531	297513.7668248482	5050488.024345695
1148	1	300479.3360331364	5049610.739626932	294202.9052608478	5043661.853457773
1149	1	298815.1816547468	5043999.406240393	301792.49042020115	5049543.271364547
1150	1	293679.59457782254	5048723.704487642	300358.89761861664	5052610.739258182
1151	1	297469.90051688685	5038383.96485268	298255.51542571996	5054646.391242862
1152	1	298980.471282572	5052618.492144902	297185.5221339944	5039655.901243844
1153	1	288804.93235292623	5041863.097831559	297536.6574472452	5036311.712577578
1154	1	301368.22157159867	5051821.687300214	295292.9426496501	5048186.394566397
1155	1	302902.20947929844	5052257.957245421	295475.4724787231	5042106.231258238
1156	1	296269.6184264147	5041973.327709216	299588.5656334295	5046137.711234884
1157	1	302501.3797961438	5052567.805749213	293254.4979870322	5048114.65427605
1158	1	296766.8711291047	5044997.673607175	294304.0671530711	5040980.89978336
1159	1	291305.85234503425	5040087.4070634805	294213.59952095104	5046931.682162388
1160	1	298472.6164996929	5054055.579857607	301912.3576109938	5052054.798713068
1161	1	297359.63002673414	5048893.874214647	301514.9170228282	5049708.663239077
1162	1	296051.6751820834	5048570.146304529	294030.3337048233	5046981.969354482
1163	1	289643.5611467009	5040733.7750980705	299419.6993905704	5054594.499580199
1164	1	295808.85230175755	5051639.351802399	298988.65166638733	5051554.459382119
1165	1	290551.24493432685	5042165.514957454	292776.7580631579	5039336.642341965
1166	1	300765.1874339524	5046551.80695976	294118.9030402667	5046980.856387046
1167	1	296906.6270018251	5041493.86838757	300234.4437708625	5053108.8021704275
1168	1	294240.56952335156	5044218.561119346	301908.56809726387	5051078.46886492
1169	1	297077.1463161899	5048785.766705923	299710.13457202935	5052957.921776733
1170	1	299938.0676923001	5045249.202099574	299287.7343657833	5053540.899508948
1171	1	296426.95707804494	5047910.378754537	302473.03081856976	5050745.960772047
1172	1	296491.4646519423	5052672.2792693665	302864.1762671658	5051431.37812985
1173	1	296718.2730411929	5051516.866781419	298245.11534178193	5048346.844788091
1174	1	295269.9238569191	5044809.712326467	289427.7607785379	5039316.924299424
1175	1	298947.486177016	5049656.260455467	297509.8553184769	5054141.918268313
1176	1	297191.7004781626	5036288.819716619	302188.36789497716	5050017.977466312
1177	1	294250.19228613825	5046414.0426008245	300072.6876077906	5043017.633394211
1178	1	291096.57959235925	5039903.139489551	296599.72866023827	5049606.414899999
1179	1	300380.9478592161	5044761.817379586	294952.7829948636	5050164.01139641
1180	1	294812.18293466663	5047471.887354848	296144.4876130628	5048866.218533964
1181	1	289009.22703046096	5039525.013839019	294491.1212312252	5043960.834132031
1182	1	296448.68559285265	5044738.810669955	297855.6197007196	5047013.267204196
1183	1	296767.26505789335	5039550.388912252	293928.7892889772	5037727.578950451
1184	1	294172.1279069747	5049291.030920232	301569.61519788683	5052331.661834202
1185	1	301972.369682582	5053775.8655045815	294776.99770952534	5038653.679035905
1186	1	299921.766978258	5042555.587335311	296227.8969590756	5053548.993398093
1187	1	295408.1640461899	5050809.021303561	291681.8832343286	5045175.349703777
1188	1	291279.9900452092	5044174.528403485	293219.78572226263	5045280.995761907
1189	1	299178.27954644145	5051030.406575262	288428.9698668394	5040669.37917916
1190	1	297313.2168003756	5050518.723203763	296339.3527277425	5051905.313460799
1191	1	301821.74895439437	5053566.979122648	298223.8732240569	5045701.474687404
1192	1	289348.184160932	5042110.60306251	299384.22216655704	5052952.206040698
1193	1	296784.7325109222	5053330.401192256	292989.7207949456	5044692.372634745
1194	1	295251.5038593446	5049648.939240637	292669.6879082744	5047127.877744821
1195	1	300860.7964885206	5050826.735328836	290977.45665767853	5042787.617578698
1196	1	297747.593842097	5047384.242388747	294975.88162382005	5046154.170539282
1197	1	299379.404709108	5049597.211174565	296525.4394794355	5047977.659810969
1198	1	296243.9098614996	5039081.560092941	297826.9565014621	5051314.092294552
1199	1	295543.0958003976	5036901.990307579	296283.095317687	5042073.239176216
1200	1	297908.9699559154	5049713.362490866	299415.4410540956	5054158.804756063
1201	1	301875.86066005984	5047942.108627746	298744.906322939	5054827.58893537
1202	1	295038.0917478592	5051726.645384414	299318.97095797124	5053871.169267779
1203	1	296200.0424674567	5049466.428963281	294088.3558376833	5049213.315260471
1204	1	298092.0811537047	5047469.220850517	295909.9107686738	5040872.877128792
1205	1	298856.04937235225	5048490.0254327385	294368.62067903095	5046850.79971338
1206	1	299949.6310689992	5047993.29566345	295000.0848775925	5043833.885541308
1207	1	298948.85469033563	5049480.582314402	297128.4755425785	5048480.44202581
1208	1	292087.5876703112	5043787.47067051	294100.2505414694	5044202.554299677
1209	1	301762.06329413445	5048313.798805754	298224.18437945313	5052581.960770193
1210	1	293047.96615374135	5045174.98836034	298253.55048766354	5054879.882633976
1211	1	295707.2047491647	5047734.19555781	297383.048058822	5051518.531056886
1212	1	296974.74629043	5042151.9183366755	289554.5582406794	5042386.015701424
1213	1	296724.8201642807	5051839.546306503	302264.9917400651	5049939.828948742
1214	1	290468.82059926516	5038194.893922246	297178.7609083444	5040678.913529073
1215	1	293819.1200699779	5045598.994831702	297703.47826598585	5036146.31544164
1216	1	299396.42506764125	5050015.572403948	298717.4434556243	5044629.62104105
1217	1	297101.9079682013	5037775.834527124	298922.6845148441	5052647.1841559885
1218	1	290502.5016523034	5043694.241582932	295187.97445628233	5036616.982042591
1219	1	295047.11118202645	5045228.0528947115	294039.3216465743	5046540.108988829
1220	1	293735.18097183603	5038748.86675147	297852.065621936	5043718.176664896
1221	1	291499.77941612416	5044967.856149225	291512.7355442281	5045641.490090684
1222	1	290190.7210221159	5043506.574743764	295980.91737061605	5043910.924437608
1223	1	297762.0607648108	5047435.9413083345	292762.8602129806	5044472.355658085
1224	1	289577.54389471986	5039786.225598726	297686.4817488829	5044526.056211846
1225	1	295249.5659773973	5037459.132278169	296044.6649618572	5042048.932742989
1226	1	298640.82038103114	5054834.978208052	298345.72358505346	5048928.979545551
1227	1	291246.6717348059	5044414.427161289	298889.84002077533	5048718.32889497
1228	1	298165.2897510612	5044589.216699261	298186.33205021464	5049683.003140354
1229	1	298354.9700805128	5054861.586477976	300498.6054612347	5047559.521768463
1230	1	299254.52261652105	5051874.6489766035	296199.3627823646	5053048.305235172
1231	1	293519.74307329167	5049018.404561683	299905.25854372117	5048909.023703143
1232	1	292822.5588032988	5040213.858016201	291017.2497020899	5045417.264606574
1233	1	299137.8036374449	5049000.473528379	291392.4349594701	5041178.569946363
1234	1	292498.4773586773	5045430.72790667	297550.25400383613	5039705.772000041
1235	1	292478.5889229089	5043743.421197272	298678.5836950183	5041738.368232802
1236	1	299592.8428752118	5042492.966261037	296193.89197115647	5051201.821425647
1237	1	289442.01791927026	5042956.457186939	299950.52073725604	5052147.604887193
1238	1	290637.3620803343	5044330.0408669915	298055.35735826904	5054240.274865539
1239	1	297960.37057572266	5048808.740756917	289408.0556353726	5041539.164093633
1240	1	298948.9583587669	5051016.328829265	288216.58707862184	5039895.094986383
1241	1	297396.6227351551	5054297.653242801	298578.0213890473	5041966.066149122
1242	1	301523.58766311395	5051981.585208464	294497.30990917946	5036808.357226484
1243	1	296949.1288923028	5053627.964140629	294761.05122194736	5042797.264867312
1244	1	293465.93026789476	5044062.587721592	288431.2105859013	5038913.464129959
1245	1	289757.24824522523	5039719.4769003475	302475.2655344841	5050124.391644911
1246	1	300988.9065939152	5054103.049279669	291750.66613020736	5042741.886888108
1247	1	295855.10976108286	5039855.891342514	293217.2022903326	5043920.416725364
1248	1	290834.7883888266	5040600.222726234	297225.37110322656	5037681.210049344
1249	1	298136.8523359125	5052766.560313267	296283.2493835007	5050881.301078239
1250	1	300563.9695131689	5044387.3501128005	296678.14700607315	5049981.135548406
1251	1	297140.78343589907	5041369.243050577	294516.9793455127	5050138.8323544515
1252	1	290047.4533717378	5038981.949818225	298679.1040617248	5050360.460870937
1253	1	295480.30798327463	5047399.748669515	299112.2872856839	5042481.376290032
1254	1	295472.5035246112	5047193.1978475135	300322.2807282091	5053831.228262192
1255	1	299130.09011797234	5043590.116617883	300591.2486453427	5052448.296418289
1256	1	292899.59922704624	5045662.438286448	294043.91530416417	5044253.132001375
1257	1	299010.4733660229	5044951.219445974	297682.06722288806	5036617.340271862
1258	1	290918.26863077044	5042909.167286482	295559.5071658991	5049065.567956945
1259	1	301459.86976476875	5048153.545947043	287225.0159552718	5039405.358505215
1260	1	292438.9173409834	5042793.020351321	297194.6321859171	5053204.109506572
1261	1	298120.55044915236	5043528.72705939	298386.9931630692	5042149.613896002
1262	1	301473.33240965306	5049814.157750894	302016.39068037644	5053914.306543103
1263	1	295629.51830054756	5050261.630291368	297369.31263760437	5041127.560746628
1264	1	294357.0789072693	5043135.946236599	301033.79878800333	5048638.725383211
1265	1	299069.9882195691	5053788.994876019	302372.8593227506	5051814.308933198
1266	1	291858.77673408354	5044833.503842314	298281.384509826	5053269.41908779
1267	1	297152.62740862573	5049656.315458347	300576.65480890276	5051173.3453718675
1268	1	301852.371279617	5051485.298967224	297551.5672512554	5051092.663333312
1269	1	289609.9463881525	5041233.068806546	300062.69684029085	5053420.009125873
1270	1	297815.87368364393	5049405.385751798	297730.55548077036	5055092.024982089
1271	1	293269.24892883556	5048718.806471965	297288.45465032384	5045692.832344309
1272	1	299555.1346670357	5050388.500763701	294977.02257375064	5050981.1812185515
1273	1	295267.2451802269	5050199.287485077	295679.64811232395	5044688.542904929
1274	1	300581.8102526193	5054404.405557812	289878.0940905951	5042055.798442892
1275	1	296488.7626401389	5048965.803946404	300058.79681532533	5045334.016873377
1276	1	299210.5569247148	5043265.06329649	291869.9030740576	5043355.719425725
1277	1	294511.9042779174	5046213.313692728	296047.8611607826	5045894.794226187
1278	1	300586.92025361094	5045428.6864362545	300339.0350793599	5049229.444275963
1279	1	295021.6178720161	5048382.584410125	294250.058955425	5048353.254146051
1280	1	296398.4882947926	5052882.69360659	297183.0336551893	5046886.0458140485
1281	1	299488.25836438907	5054226.175150762	301255.0477550712	5049885.974150355
1282	1	298381.3489571296	5053702.201613845	295094.02617128973	5042592.798749469
1283	1	292393.0513820614	5047619.110509413	296755.07564903935	5035525.434932609
1284	1	300822.01999203744	5052926.601103061	298200.4891876987	5050795.048833396
1285	1	299555.05666320596	5050653.635394655	300165.00852146046	5047299.825418603
1286	1	293936.51516614	5045104.206854774	299290.11394539865	5050494.75818549
1287	1	296005.0503866964	5046140.353577557	300393.72349198634	5050186.0638326015
1288	1	291636.23277640337	5044567.078938112	289041.90161756397	5041134.105649619
1289	1	299101.6446249187	5053642.086852396	294960.24693988054	5047865.708393377
1290	1	294406.7209347624	5048277.415323009	297583.6572125822	5053354.686516641
1291	1	291855.7401892067	5040958.6831820095	292989.61160996155	5043068.014122467
1292	1	291152.5053221298	5045091.150627517	293367.07812689716	5046419.696870662
1293	1	295911.00912745873	5043815.549785833	293166.65264942526	5048816.058531166
1294	1	300322.40130890004	5052190.686676638	291762.997644009	5044223.683551024
1295	1	291708.6415813293	5041113.563536491	293742.4034404411	5045866.446613277
1296	1	292484.1941713333	5041258.177868147	297245.1222773752	5036533.471751321
1297	1	293669.70473452104	5047627.307627168	296878.70694526203	5050114.121287461
1298	1	301504.99203238945	5052291.737383107	294054.45842811634	5044461.005450604
1299	1	300246.6573396565	5052926.571341484	294398.8802265993	5038583.858284333
1300	1	298207.10999202676	5038034.812018394	294075.2394350208	5045121.130412797
1301	1	292859.95939224225	5043948.21369701	299279.5761237448	5041509.40518225
1302	1	300138.00643627514	5048667.353073085	300746.0856547475	5053605.615346665
1303	1	301228.72811990307	5046834.240991773	291515.75914579345	5046169.748556384
1304	1	292761.3951785087	5047038.155261752	293879.2321136971	5047116.556478943
1305	1	292033.20283222786	5038662.060870019	292126.21821291244	5044787.453459797
1306	1	294683.81146004505	5046454.853491255	298454.0108650498	5040319.962123879
1307	1	294772.59825591627	5048582.275506493	291172.37598511955	5038212.968973213
1308	1	301613.6745447638	5052075.827221142	298652.2424343312	5051109.67244932
1309	1	300880.30611501815	5047995.172456399	295910.7440409661	5041794.753382966
1310	1	297824.5168052256	5050973.74323167	297090.59788922255	5054354.843008051
1311	1	295923.45516696404	5051617.107134704	298033.8200227243	5049470.668580571
1312	1	296175.9017140745	5037127.861464306	301483.55988223443	5053804.676126158
1313	1	293097.00168451737	5042193.691711417	297558.9596271433	5050477.597656338
1314	1	301634.0284683477	5049038.94713315	297540.45515375596	5048571.591323334
1315	1	300083.06976945564	5053809.498082506	293049.7361259697	5042100.538723709
1316	1	291431.5956280288	5038049.599945448	292025.5746256214	5042555.152362392
1317	1	297213.45964385156	5038515.405982729	299440.25818481005	5053415.375060155
1318	1	294471.7669405924	5050150.717398541	294485.31268586015	5049160.228693548
1319	1	295699.2181281427	5046868.061213916	296466.36008330766	5046460.358596297
1320	1	294119.462107571	5037147.217007387	297685.28325103986	5051126.460082669
1321	1	303017.73198850057	5053404.129118628	296115.99058518664	5051280.182610202
1322	1	296116.94002757996	5052593.700276843	300747.0335734804	5044714.554932408
1323	1	295856.35682846437	5042311.934048564	302003.45040647895	5049047.844174088
1324	1	295240.895426526	5047746.035575079	295896.65989691793	5042273.473326564
1325	1	297995.07701645215	5052754.993355153	291981.93342300336	5046466.368365074
1326	1	295314.3937927034	5036284.958178488	294766.0302467487	5038030.839165076
1327	1	293788.77829230076	5038775.6262137825	295828.993201145	5051115.219381034
1328	1	294729.54527435685	5051046.612002827	296762.0111872571	5043638.762655835
1329	1	292983.6328597594	5045325.177727449	294575.6085777804	5048465.8610229315
1330	1	301163.22761587636	5052557.447466744	297017.81110066426	5043858.956496678
1331	1	300879.64268734626	5051244.958245485	298191.9794265368	5051160.789989524
1332	1	301221.57503068243	5049314.601802761	297570.88453405874	5053556.147577251
1333	1	296903.51334950083	5048195.724235424	290894.45951312076	5041831.073093618
1334	1	302013.8413325584	5054014.021962178	300927.24799456977	5046391.661758092
1335	1	297961.9027031716	5037751.955551242	295611.64365879097	5049466.090106237
1336	1	300093.35269016185	5053620.392138182	289493.4768728547	5040589.01226657
1337	1	293288.9506008224	5037012.085557339	294173.04744133115	5038570.442681429
1338	1	291384.7026806431	5045942.410390218	293732.92162057466	5038130.425909111
1339	1	297707.9630388102	5051662.769100382	289068.7626581373	5038612.48403698
1340	1	299185.9074908436	5041609.822041128	296290.48363861564	5049895.671847622
1341	1	297691.42668550415	5052481.0956165735	297913.6360787651	5037350.990854344
1342	1	296784.9470235665	5038224.417685365	296774.2519716843	5039386.973016939
1343	1	298294.29743432417	5042111.331949577	295567.95027656096	5052611.042498138
1344	1	300971.2927730828	5051126.160293808	301175.15237994364	5051857.265683692
1345	1	299353.12760474917	5054014.319861778	294695.8709720583	5050393.152289412
1346	1	289023.12132979196	5041487.524780624	290546.37307752593	5041057.49713811
1347	1	294109.347263803	5042825.907767934	299176.52934703283	5053306.111870461
1348	1	296951.8076125937	5046175.868501878	299152.8436000053	5040902.814413298
1349	1	297834.3710902778	5037666.7570461575	299448.0906159965	5050872.207773561
1350	1	301931.77526810335	5053728.927199863	293149.12151612417	5038834.427863066
1351	1	301986.18993954384	5051289.539775238	302291.1490728956	5049586.779156138
1352	1	294156.5967173309	5049274.144988244	297502.0397057772	5049331.995226748
1353	1	295809.208113514	5037757.0661112135	290723.0001203061	5039381.483242897
1354	1	299554.2184660317	5041910.394553298	297963.6442411637	5040592.392127471
1355	1	296000.7887547539	5045140.554041916	292113.6109147153	5042141.184006928
1356	1	300488.17653562734	5051579.544444215	300854.62279006524	5049714.6853253
1357	1	289419.16186159756	5042403.625601259	287839.87737922586	5039144.329043351
1358	1	289945.6910035947	5041519.930058623	298933.65089275554	5054231.592566661
1359	1	299326.2846875901	5044671.330985515	300173.4472384222	5053550.304071702
1360	1	296728.3219959577	5053933.9764891425	300245.2613292791	5044712.027244798
1361	1	296466.6073994683	5038675.262372346	296282.47601282777	5041996.108713535
1362	1	301969.0110237717	5052281.12431708	297463.689951845	5041431.759226899
1363	1	298686.00565525313	5045466.620081118	298545.68029422336	5049380.251860191
1364	1	298244.66882558144	5039330.363445491	299459.5858090541	5049342.0636204975
1365	1	295192.56759673194	5039913.213864459	293045.2351384708	5044587.241944876
1366	1	291976.05847784266	5037591.2282888	290574.5183362294	5044690.959983272
1367	1	299162.9462942618	5042824.408579608	297444.6924985072	5053390.518920276
1368	1	295124.2198645727	5044551.205128014	296216.3232306639	5044654.742227825
1369	1	297625.79396429705	5041298.987124162	300226.57394634956	5051707.55434816
1370	1	292287.9642093318	5044877.516721017	299598.0563814062	5050034.243798516
1371	1	297599.3263744536	5044184.262668021	301977.4526543936	5051564.254388371
1372	1	290007.31994416454	5042999.113994184	301189.7999737089	5051724.042372143
1373	1	293240.0286705828	5044786.278332595	291520.66730525816	5038237.369556454
1374	1	291555.05076522764	5043429.869055914	291072.72995157953	5045049.033094726
1375	1	300819.2664894256	5047153.666993694	295187.54210180603	5043402.5866153715
1376	1	300910.46130943124	5047667.27700679	294568.5896467233	5044213.020948141
1377	1	297861.7156860037	5052392.056623496	293456.5005668443	5037282.016961585
1378	1	301972.45437649963	5048859.111118016	295193.2927001147	5039957.484312357
1379	1	301080.50955279014	5045794.621708682	303052.3576610241	5053614.944795125
1380	1	298638.64629726193	5038615.427017293	299409.49503973115	5053244.2555625895
1381	1	300700.28619746625	5044773.115935022	294134.56194570934	5042652.092992412
1382	1	290232.89462062373	5043844.49242654	296368.36291174806	5039462.710569817
1383	1	294994.84522728255	5049426.2958043385	291927.457441452	5044447.636408952
1384	1	294062.64916399756	5048561.054162881	295657.1305038358	5046884.603907008
1385	1	299739.7944650553	5054267.020540968	290269.307827658	5038106.393428774
1386	1	297467.25005006406	5045446.027177974	300833.5331915161	5045654.879674782
1387	1	295322.29995854833	5046263.046900774	296102.38433326	5051067.603320345
1388	1	301777.9172159991	5053365.392240885	297019.2518413802	5053050.321514337
1389	1	299493.99016230874	5047218.589196573	298900.6635106163	5050491.45315982
1390	1	296138.76612247864	5049023.537834183	294739.3967397163	5044845.150124626
1391	1	298072.35996760597	5053042.777292064	295896.5387906717	5037294.171878631
1392	1	300840.23832025536	5048694.261888312	293628.4924402222	5047489.755462716
1393	1	295791.15620307816	5044831.909954452	294712.21269448474	5045576.928408422
1394	1	289757.0826901159	5039980.287768058	293792.046862956	5049138.849210083
1395	1	296689.95429957577	5043239.887419514	301474.59391162463	5052742.643760984
1396	1	293958.1573450127	5049828.634802076	297416.5860993769	5054821.652077003
1397	1	301532.39311632694	5053822.554200639	300579.09426926996	5044800.534256407
1398	1	294046.04784954997	5039433.4448233815	297441.38656120695	5037361.509070892
1399	1	297258.29221411154	5043579.1417568475	292530.0617266366	5037857.392642516
1400	1	295078.8217524325	5039345.218629838	295881.40094146517	5047001.572455751
1401	1	294796.3527592877	5046917.205289781	295525.2200723676	5037067.788596116
1402	1	301600.8025391472	5048609.696589087	300909.6561145795	5048879.88861564
1403	1	295675.6352661535	5040196.835673271	293903.8625011704	5049410.692179572
1404	1	297442.1986778696	5039133.081753637	294162.3972910232	5037623.998668805
1405	1	289413.468057114	5041984.441013772	296689.56692518	5036635.420199054
1406	1	297229.13801269064	5049980.850684777	289072.1098560151	5041948.655661081
1407	1	296626.46281841	5051178.385433453	292083.4326980118	5047192.924282717
1408	1	298357.7175300663	5041247.851310472	291283.4249412414	5039598.4277100125
1409	1	294737.3111714173	5042642.56013143	290622.0090311011	5044284.507626786
1410	1	294036.7367204852	5039116.736537192	294121.9108156295	5044940.719410389
1411	1	294057.209804689	5039073.96172154	302004.3494741933	5052791.440223146
1412	1	293911.318017268	5037619.785755264	292825.0874229545	5047017.405854938
1413	1	296909.8152982384	5040722.289304055	292229.4915429233	5039824.721547106
1414	1	301690.79002663784	5053530.421832203	293957.49630273494	5041248.690957902
1415	1	294954.3519645538	5043832.616411791	298980.48503292445	5053553.8094375525
1416	1	301070.82351770217	5054038.425024816	290818.0460923298	5045135.0822343035
1417	1	293944.08934315795	5040582.2438269155	293540.96244719386	5048508.408909552
1418	1	291026.48375373706	5041091.190568979	299748.8585145023	5051425.759923473
1419	1	296166.46700207377	5050076.350928259	302613.0853070579	5054103.788841971
1420	1	295510.8441531412	5050724.8480974035	298006.2745734132	5051366.574148844
1421	1	301915.67734407494	5053112.934668197	294194.9287612686	5045764.701510174
1422	1	297474.51439097134	5037252.782275971	298020.9577719663	5052602.848634203
1423	1	300630.93161700154	5054135.909123943	298911.2109568667	5040666.299510153
1424	1	294282.7976211274	5038984.279008589	296094.50184009486	5039066.546364758
1425	1	288613.8488788044	5041421.11508322	296100.24715829536	5050785.742633973
1426	1	301438.30318266863	5054107.50003905	297397.67900960654	5040795.550555188
1427	1	296350.40252371493	5051105.7603650885	297279.5403577017	5049261.741148079
1428	1	291796.9027416142	5045099.898743209	301640.3589798065	5049562.3727852125
1429	1	293311.5949267269	5046854.865272174	297461.8791319619	5045915.699623832
1430	1	297790.27750551596	5043772.352201537	289147.8628751616	5042063.060608795
1431	1	294266.5769445359	5037974.982411642	289223.9941168204	5040488.4080287665
1432	1	300873.4901155929	5053506.066292755	298588.2539562338	5051742.505457498
1433	1	301101.66090534226	5047450.091187225	295880.2152269505	5048986.872782652
1434	1	291186.7789550144	5045205.26233476	300186.2150282283	5051046.523569499
1435	1	294015.29817602667	5049182.731978416	296233.73927872896	5053211.001506544
1436	1	291858.29281904624	5045674.036520289	293994.00673450506	5048580.152168213
1437	1	300482.67268368904	5052817.377488037	299865.74324135936	5045491.957877298
1438	1	294648.1122032325	5040803.870327861	297003.3309265084	5038123.257627876
1439	1	292802.58842933597	5047292.154342307	297618.2474739502	5039156.01379486
1440	1	294054.25783879653	5038148.092215603	290108.8546148227	5043939.471312177
1441	1	295153.3139511702	5051582.509636533	296941.5767899442	5051885.267560045
1442	1	290591.18215298833	5041117.583994907	294611.55969816	5038566.252317625
1443	1	303143.8609083687	5052337.096557005	296183.7314191473	5047697.313069619
1444	1	296288.8323739689	5050222.661811164	297124.7768604915	5048343.081094823
1445	1	294976.7808358322	5042732.267429692	292519.2448370161	5046327.3567157015
1446	1	297674.482241382	5038597.960041813	299438.27515364275	5051632.769420772
1447	1	291707.6379508317	5044661.916651696	292249.154268359	5046005.034089517
1448	1	299312.53984707926	5046057.461276521	294529.3188186939	5042857.327342334
1449	1	298193.45598892134	5046682.785317493	290224.51194185356	5043772.773741264
1450	1	289564.62865261	5042307.918336027	295274.9148959903	5047940.450810744
1451	1	296753.17372676515	5048981.911494497	300813.70202033705	5053754.793113065
1452	1	299840.1004831448	5050974.4372831285	297922.45158310054	5040908.27249902
1453	1	293207.3408436278	5043859.118826612	298159.96801328467	5038623.837242493
1454	1	301270.8394357335	5051230.914694108	289813.3353712931	5038748.821070373
1455	1	296632.9506551987	5037760.197072596	292833.339182002	5046825.908949848
1456	1	296589.8927788786	5045133.75521413	299629.1316262651	5052151.213684017
1457	1	301400.23085498216	5049666.994809107	300511.8374621134	5052952.629582352
1458	1	290613.5108919773	5039973.466586578	302158.74637455965	5053383.500928708
1459	1	295803.015934295	5048846.392582398	291792.4029139191	5044580.441770941
1460	1	294448.14909735555	5050143.405749291	296283.7985651069	5052811.690709962
1461	1	294275.6446027834	5038600.863348889	294476.09896110906	5040488.002478507
1462	1	301242.1641674048	5051731.886681603	298431.07288525056	5048566.5420370065
1463	1	290406.70644022094	5042797.676187151	297344.18847797706	5035471.21838802
1464	1	296532.0421933528	5037799.660526444	297677.25731138414	5053673.357254394
1465	1	300885.327728097	5054474.126226984	293099.87591028196	5046951.349579507
1466	1	296515.9306634091	5049738.88577183	297189.39959152415	5054111.174271213
1467	1	294825.6818039047	5049596.041110338	296744.700555645	5054364.907054214
1468	1	299644.63213316584	5051274.904494195	298707.15003736014	5050268.835281211
1469	1	302127.2067381942	5050866.797179542	289987.67510264757	5042628.837828553
1470	1	299500.8856726203	5041960.215348255	289289.1172386395	5041777.984412827
1471	1	299142.8978619181	5047414.347662185	297186.62488907354	5043841.1192411035
1472	1	298937.417196723	5054471.533683375	294085.6420002516	5044006.0562486965
1473	1	293537.32313900726	5044015.425000162	299887.244850405	5049399.329832948
1474	1	302122.09945805	5052833.319658762	296563.6114301374	5042378.442985494
1475	1	296137.16165800235	5040283.545373515	292095.31209375995	5046742.79322569
1476	1	296403.670660972	5054050.058207002	296398.3925281173	5050201.661901394
1477	1	300082.51576711563	5052821.220072593	300386.5619004616	5048231.984807578
1478	1	295605.73042434466	5041178.290178757	299699.6061909846	5053659.137984933
1479	1	299601.58310935524	5042505.033313032	296556.44484175224	5050610.618381897
1480	1	301383.66707149555	5048604.76485291	303715.6195690124	5053769.376656728
1481	1	288699.4740682815	5039662.9452478	296250.04089258367	5052019.617557508
1482	1	297466.51134580816	5039015.984213764	289121.7130732657	5042145.852227084
1483	1	301647.5873722791	5049663.643180393	296476.3711676346	5053766.07957685
1484	1	293774.9680253266	5044758.524269374	300782.24775016645	5047248.113542284
1485	1	297028.29784189054	5036895.527044254	291439.12190271507	5038269.186976104
1486	1	297493.00018424477	5048894.066189574	291562.27450869355	5040784.102416721
1487	1	294499.9636165678	5041763.6138740415	296966.9302774505	5050888.8488451075
1488	1	301782.7738250442	5048271.445921719	296569.1703512359	5053985.470457418
1489	1	295725.57084628963	5046653.710789853	293818.134926301	5043509.338435745
1490	1	290865.331108691	5041517.771590272	297978.13802347274	5041158.451052382
1491	1	295468.11257397	5046770.5894061485	291452.98218139174	5040301.553831031
1492	1	292735.4290536589	5041784.579203789	296192.9277259645	5045117.10156085
1493	1	298251.67643243424	5044861.754712835	302741.4402841319	5050708.945644378
1494	1	300020.9165637354	5047956.157195888	298070.6657258737	5049400.383834084
1495	1	290548.9223503011	5038591.112658705	294413.87904254376	5037794.292229258
1496	1	298034.3695071597	5041531.7481521135	290487.1636762818	5038709.315196227
1497	1	298960.7379493158	5043855.439788112	291177.64345935493	5038709.823925035
1498	1	290986.7259177027	5037990.148278376	294443.8858119095	5048603.123270022
1499	1	292043.4369162178	5043259.785548996	292998.3391377584	5039067.332882834
1500	1	297176.82453661854	5037418.7215052685	299482.9812746761	5054357.609876368
1501	1	296960.0233684402	5038516.5275648795	294495.5691229938	5049664.756067056
1502	1	291942.6803158295	5045579.983983204	295351.2429620247	5043427.225574931
1503	1	295650.327569799	5046997.867230797	293737.9537639137	5044154.416567393
1504	1	300414.8535960758	5052435.702419915	298164.75230146706	5049967.363926429
1505	1	297262.03874018823	5040062.87712714	294566.8880033878	5050265.157116973
1506	1	299340.7488602253	5052659.01167455	302883.5111723786	5051296.868534015
1507	1	289944.3707360271	5038905.371685504	293380.96708620695	5045453.619155864
1508	1	292764.5362850621	5040539.708249376	291076.16977458785	5043419.425232907
1509	1	296369.3306706345	5041121.15900369	294278.14105758845	5046445.708158264
1510	1	297956.81430912786	5049639.913065106	298636.4694769469	5050354.015479159
1511	1	297526.19283831085	5036884.92898572	289538.4639583719	5042569.316994592
1512	1	298652.74426337855	5051663.742165938	293748.4490933151	5045994.65104726
1513	1	295810.6987083398	5043459.636599073	295561.5914766162	5052672.726980294
1514	1	293676.28580070665	5042936.090932646	294417.7707272372	5046197.709895363
1515	1	295926.07601065916	5047655.90554506	294355.7062292323	5038560.050808345
1516	1	291254.5721409273	5044885.776750505	302108.0456952771	5049703.382443665
1517	1	294096.00729663804	5050386.897221271	298949.2052416814	5051773.571732939
1518	1	290171.0488229105	5042261.289646462	298977.7436831034	5054308.224269488
1519	1	299592.06364737474	5054554.064635701	297661.548194721	5042809.9852279555
1520	1	302272.58045607194	5052869.795005219	301414.5862459665	5048175.091083548
1521	1	289289.18140997534	5040303.829858782	299052.1453523679	5054823.019968421
1522	1	298542.07700138737	5044887.436607695	297071.98097654316	5054050.579564206
1523	1	300746.9365624666	5047899.477019003	297712.294177636	5051078.981219519
1524	1	296792.02160260687	5052769.317780706	301154.6100403851	5047459.00623814
1525	1	300404.5861588503	5050926.627438634	295352.28473938245	5037674.674536428
1526	1	298654.2361118989	5049156.625970979	294195.75822989753	5042002.438865894
1527	1	296377.9246905907	5048465.407256987	297766.0750445846	5054899.738998624
1528	1	299346.28164484364	5043077.588536412	295505.17332542536	5050632.090627776
1529	1	293221.35296485753	5048660.896482125	295379.4117838308	5052222.686437288
1530	1	295448.18252543046	5050558.0920103425	294525.23701545387	5050533.356443926
1531	1	296994.67981149856	5047707.956810685	296672.1614090433	5035806.708626924
1532	1	292486.0250105697	5040027.32922733	299043.17972815316	5044267.737104455
1533	1	299768.2180685996	5053654.9012426995	290884.99069041706	5040283.933946876
1534	1	298927.3473448414	5050869.289302483	299138.18020428164	5047715.316840181
1535	1	297424.798797793	5044539.194209762	289901.6065653051	5039863.474075139
1536	1	301756.3140741378	5050658.447288072	299666.50588427566	5042459.156570272
1537	1	290890.2989529372	5044423.745453933	299783.21779895714	5054388.720141108
1538	1	297141.42507450347	5050148.924122461	298133.5958200418	5052216.311116496
1539	1	293980.71602079854	5048725.026871458	294656.78485321	5038137.227355637
1540	1	294804.07547751477	5042588.289043312	294694.9151524033	5048648.62612938
1541	1	300717.0921177725	5052007.054438356	296631.8993234004	5039873.240657354
1542	1	297994.2465863459	5049495.371359869	294994.0833022506	5047286.557994146
1543	1	294308.64233660756	5040298.70909566	287705.6701044915	5040142.395950864
1544	1	300978.08526987466	5051545.371293206	292093.80252623116	5041031.00238855
1545	1	295882.3890288601	5038551.720200026	302015.2632702419	5050988.130820713
1546	1	295533.46966866485	5045318.638517167	299279.2249466268	5045023.367039089
1547	1	293641.4249779142	5040080.749736646	292528.4416458663	5047301.084815572
1548	1	295446.5558982428	5047238.3907213	297408.88595293305	5047889.967993591
1549	1	303421.09650217305	5052431.739383712	296824.4117903434	5053189.519291508
1550	1	299526.21371724264	5054719.919962974	299989.51246819965	5051242.08056525
1551	1	302093.1012838981	5049420.394353381	294530.741859243	5041272.551595115
1552	1	294075.2391753727	5045842.422944227	297953.11863170075	5047366.021674975
1553	1	294959.09338896075	5050499.019024522	297721.3724485916	5055083.044094418
1554	1	296303.91453925596	5051978.0279144095	292478.0739118863	5047579.425278451
1555	1	303072.3326199268	5053465.804294061	296693.3654182065	5043505.398460495
1556	1	302581.97042638896	5050373.32900525	298482.52055429074	5050496.655578919
1557	1	303662.4714796216	5053361.3913950045	299799.7669771829	5045245.03722785
1558	1	297462.0147693509	5038532.695425363	290712.5303615189	5042060.945047783
1559	1	294872.4201056098	5049807.215202525	291331.9367125173	5040129.507042029
1560	1	301585.68112499034	5053488.348553979	296616.6143136808	5041226.056376507
1561	1	298693.5483240715	5042105.854801862	298189.6885224281	5050800.625343102
1562	1	295867.16511450126	5044376.685433142	292209.46377924655	5046041.440391081
1563	1	300908.9308410651	5054169.791820105	300836.16210841155	5048515.892472392
1564	1	296967.80528132967	5046330.927968754	292803.78882514103	5046116.913551403
1565	1	299631.2726274769	5042666.145298304	301450.96998580394	5046922.963628556
1566	1	289421.9070840656	5042556.81234474	300034.5859122619	5046667.349007656
1567	1	293484.26285859727	5044394.398157645	290492.35082564066	5042478.744466268
1568	1	300045.18914477754	5052074.550609284	301152.8809971506	5054016.51735414
1569	1	292503.6282206875	5039806.727372737	298283.10726876685	5051424.36814622
1570	1	293383.0398260108	5038991.594227555	299103.2827786761	5052643.5535311755
1571	1	300162.1197506457	5052681.167323822	302363.0213680773	5051566.332287499
1572	1	299378.96120708337	5046753.207768799	293697.3857303639	5047384.165483793
1573	1	295681.33698969317	5046630.20627577	291291.631261853	5043861.724139119
1574	1	300687.4485416982	5053904.704390555	293168.87046146416	5047191.273879453
1575	1	296019.6395031662	5037625.371076464	298259.8815017092	5047622.108047312
1576	1	294465.0259715277	5037210.788756794	301586.69436985714	5052575.850212148
1577	1	301870.80878804246	5048880.741864382	298018.32406827604	5052862.507355135
1578	1	300470.23250239313	5046912.443372496	289246.5968227319	5042288.135308869
1579	1	301294.376518351	5054365.351030903	287830.0442844554	5040301.49429772
1580	1	299218.2956893332	5054787.382294017	292090.5986763439	5044892.290903666
1581	1	298756.25855035125	5048145.374709547	289637.7666375725	5039779.834866818
1582	1	296921.53146756283	5053585.934910095	291821.6979681249	5039073.985673992
1583	1	297830.9300521792	5039005.4815610945	296283.97374126385	5048290.565192304
1584	1	292703.8213186225	5045188.861711872	293784.44225158123	5037385.584846847
1585	1	297250.93531351973	5049016.20046132	293097.8435683693	5044206.933157597
1586	1	298306.68933684676	5054390.653678255	291540.36518537474	5045338.8520049155
1587	1	292810.1518863418	5039783.634822744	291429.8924488473	5042044.597651764
1588	1	288320.5706807028	5040203.353023967	302615.1484391078	5054100.49581651
1589	1	299173.3484641198	5051315.371931421	292012.56012256566	5040422.559778854
1590	1	294320.0207300174	5048905.256742414	296652.784562896	5037310.501218289
1591	1	289641.21165012947	5041704.081303787	302187.46638496564	5049923.955950993
1592	1	293975.1031235955	5046482.337330699	299561.9012059798	5048183.062849561
1593	1	302141.9979939862	5049191.556865771	290605.05200961046	5041980.518591602
1594	1	297496.96974427043	5044834.518476164	293023.9797164024	5038770.968216763
1595	1	300428.5774996293	5054522.6215622015	291554.54361219803	5045177.87159853
1596	1	297609.5172510261	5040824.583770319	301182.4779904986	5054479.273483672
1597	1	299912.4170827126	5044716.106443245	293526.87577873486	5044350.027235032
1598	1	288307.4145823138	5040754.267648855	289530.7696200501	5041908.126848706
1599	1	295756.5719795946	5049606.779476277	300498.81788986945	5051677.915660797
1600	1	293789.53455786605	5042408.611363379	295966.9197539122	5043212.6338714035
1601	1	300449.66580301797	5049651.555301453	297580.8324880111	5041513.248958427
1602	1	300879.05603574926	5051949.1856107805	291014.22282711446	5043220.8042993415
1603	1	289684.1535418311	5041390.84192673	293508.6390839412	5047322.610498738
1604	1	299336.8152658498	5050492.118498827	294295.7027516169	5045155.874101294
1605	1	297909.08399308857	5045429.845288478	296250.4280267796	5048578.858346704
1606	1	294820.04048721807	5039758.469707206	290222.74936897977	5043099.748851481
1607	1	299004.3076726013	5051572.960241093	294987.3725413917	5036374.337910984
1608	1	291063.4859740758	5045424.080061787	291909.279328059	5045611.886795043
1609	1	290580.02156940557	5041046.682520928	296121.69801329233	5038107.051943926
1610	1	297591.7348640756	5035524.145418934	299687.868263446	5048366.7937647225
1611	1	302055.4518438078	5054075.987025941	300545.8333476879	5047609.049200246
1612	1	293686.46637453616	5045359.95598257	292539.7370519881	5039803.665291956
1613	1	296838.0891382641	5047212.281575206	298610.3553933928	5040353.3559776945
1614	1	298024.8776311508	5043293.821258982	292784.3013938738	5043705.226093501
1615	1	299231.33107231336	5041770.349909986	293185.9499297497	5048588.437224119
1616	1	299420.3784189722	5049598.333241756	299283.7116049476	5052186.457265127
1617	1	293817.7787330028	5045386.922643446	295232.13243145816	5042572.006662688
1618	1	287857.8041478761	5039435.5907038255	294027.261525437	5049670.378834993
1619	1	298596.7882418432	5053460.998492247	295574.01545779855	5048507.968320654
1620	1	294203.4230115145	5046510.243485391	290659.39529057237	5041271.327397882
1621	1	300684.53318970365	5051126.5203712825	290780.2252204756	5039626.113026492
1622	1	296818.019719175	5052473.362908228	297197.3771365742	5047637.095795529
1623	1	294864.686019022	5047964.952900466	296941.2230230815	5051046.608451623
1624	1	296724.1711704725	5050753.914925077	297832.3680174749	5049617.928480172
1625	1	297536.53273271926	5048994.339026141	300195.25653751026	5045720.0551382
1626	1	295926.5388458463	5045145.3171744775	295168.6025017986	5051346.392919532
1627	1	299428.5966860587	5044374.27042894	291762.0913326947	5046366.6780306
1628	1	293845.9040653983	5037539.309945208	300601.4923257663	5047041.442081345
1629	1	294456.6958835291	5049450.143338561	299676.1973733604	5046358.321653365
1630	1	297904.59039273864	5043378.574250835	291207.1850846667	5044289.93510958
1631	1	288638.21307167294	5041049.945557057	301502.7482286994	5047413.316411933
1632	1	298168.0703727221	5051044.015352195	300202.20071329013	5051124.388231957
1633	1	300117.43202445365	5049906.4762817295	301038.41779739375	5052459.77062418
1634	1	300750.7523401274	5052792.133075832	295418.8154029022	5042435.774016561
1635	1	292272.86405201745	5037415.237422107	289098.69095607265	5041050.48564971
1636	1	290201.0140356449	5040730.831041152	295268.5644173129	5050257.047199615
1637	1	289776.7262626631	5042046.682364925	290362.41938188166	5042273.487317743
1638	1	296609.8264029126	5045214.784714952	293472.94005006604	5039800.835559989
1639	1	296667.4547770866	5052275.611484403	299955.830774378	5048215.264829371
1640	1	300165.6054761126	5043746.50060354	291202.18218497187	5045311.12405625
1641	1	300722.5487635685	5053564.653176624	293264.14777947456	5039171.221541993
1642	1	295120.0037090298	5046476.767494999	290474.88016330876	5038256.164150886
1643	1	292876.45501511265	5039319.448330427	288732.85338670976	5041414.832696827
1644	1	299084.65596725297	5055008.043949466	299426.9115831758	5048107.238497734
1645	1	301115.75386886776	5047600.810965432	298803.59402104665	5049925.642517957
1646	1	301075.0549700352	5053492.833799273	298176.6118825413	5039416.224898279
1647	1	296307.3580816146	5042112.403640676	299539.995713445	5041891.639971243
1648	1	297710.88815794	5051017.319900768	295823.7122858238	5040630.883437484
1649	1	294719.28224269324	5050877.5439385995	301016.29982813966	5054187.401400347
1650	1	302760.1209990501	5053980.561637198	297260.184673462	5054677.119207905
1651	1	289900.97850166453	5043505.983083026	301893.84735351574	5049028.3631899
1652	1	302130.92305656563	5050934.319762921	294880.3834981817	5045216.139943929
1653	1	297807.12617904297	5037447.4651774615	296150.56904421863	5048899.526888843
1654	1	295441.4158148295	5037608.665629469	297724.80314704176	5048383.72042828
1655	1	293121.8676241827	5041213.3831215855	293423.59650026215	5046897.385158887
1656	1	292253.92362676025	5045150.9382578	297593.43281374016	5051478.740811774
1657	1	302484.070326935	5050154.288757289	297401.95293192053	5042875.77349797
1658	1	290288.2356182673	5039641.500035446	292348.52688752627	5039156.179020251
1659	1	296062.9558131614	5048317.552467871	301083.7009331426	5054022.931011449
1660	1	290177.6800763009	5041101.9309312105	292143.225517917	5046446.96201477
1661	1	301128.6352330421	5053076.318133244	299577.4396057097	5051826.315765547
1662	1	295969.25275272847	5052694.554022906	298625.89855881606	5040047.974436972
1663	1	289001.3118241163	5041908.371524241	293904.14926579344	5048329.3890048135
1664	1	299666.859256376	5044955.600632001	296044.0872327016	5052184.475343531
1665	1	300361.6062032407	5051421.942607143	294946.54817670654	5048598.6112870965
1666	1	297196.0483757576	5053675.871627583	292417.32796754036	5042929.623920997
1667	1	297080.77851179056	5037903.316855006	289301.8259006243	5041608.162198159
1668	1	300375.2233829688	5050362.593871668	292149.5552536797	5038402.966223542
1669	1	294199.92543519364	5038210.559386458	292140.08736439614	5043138.210320043
1670	1	297986.3771814072	5052365.413525973	296693.48723120295	5052740.683345531
1671	1	288104.1026935754	5039459.421462495	295130.6354116395	5040145.22633707
1672	1	295204.3960131331	5042892.851693733	295927.33549449756	5036886.105268816
1673	1	298771.78330250527	5043815.7801589435	294548.1146101096	5049894.641163623
1674	1	295332.791157565	5043905.561086831	291647.62562453013	5043685.4947803775
1675	1	298673.9971007485	5039507.436978087	295087.08465345367	5040553.511563786
1676	1	294831.1026066492	5036539.611329384	289763.32780397113	5039958.111275169
1677	1	293477.25462527334	5045167.812660941	294278.8794169471	5041690.77780114
1678	1	296460.51613575476	5045822.1385550415	298804.814259345	5051300.218431787
1679	1	300617.9327390294	5052979.162802883	298205.99124981865	5039554.004573981
1680	1	298137.8260170723	5039571.527394486	298761.2666762867	5045904.968457145
1681	1	296171.8496933329	5046472.54574497	296003.4146617153	5042056.99358431
1682	1	291520.0107676258	5044642.045850573	298673.89407235663	5039580.677594368
1683	1	296561.242061751	5052120.5916436305	292454.9082128336	5044122.877467809
1684	1	295958.64529058896	5045494.177845172	292174.9278795758	5043965.605751589
1685	1	296904.84652159025	5053880.96663973	299558.37617751514	5052979.919670216
1686	1	294081.64030588587	5044786.423823215	296256.49091123446	5048608.6878919145
1687	1	299321.89301046566	5052151.227169817	297642.9523413209	5048649.817135511
1688	1	289423.36242997705	5040113.374726081	296531.0286502529	5044297.722657681
1689	1	298379.99101429223	5050349.74362647	294332.5826268003	5047573.298525091
1690	1	294780.0123640875	5046777.301466338	294030.2334749741	5043463.222455246
1691	1	300567.94529546425	5045365.733571743	297548.07726254826	5046235.959931643
1692	1	290994.58628681966	5044558.817814627	300734.3007918609	5051250.996095245
1693	1	291180.7533334739	5039564.0714304345	296894.4567516488	5042612.5956333075
1694	1	301383.6452771603	5047214.066514513	294389.6754939573	5040475.051929947
1695	1	298269.8619360478	5053168.47550708	296730.28099164204	5048978.1446983265
1696	1	293109.2809590503	5048438.334234262	301853.9652310752	5053251.338782985
1697	1	299921.5511387796	5050883.253665735	293099.22634619137	5043676.068887232
1698	1	301663.8206693946	5053660.613245248	295793.68884097424	5038552.992819149
1699	1	294216.6929073691	5050016.932045444	299037.97155534424	5049951.054364998
1700	1	297329.7086599452	5047635.098021357	295546.64981628663	5037229.547276773
1701	1	301136.85157176806	5053375.336009787	300915.84410464886	5047586.790493796
1702	1	293836.0999502631	5044138.005823672	296284.3290012147	5051026.228274382
1703	1	296465.74583363207	5052045.34310742	292855.6058066893	5046932.695384823
1704	1	297495.1140240137	5053266.301683613	298958.4989182379	5053937.198144051
1705	1	293780.64118187316	5045304.673576501	303221.8191609113	5053623.468059612
1706	1	293869.54362822406	5037165.210833381	297632.0710527363	5045563.539996911
1707	1	300464.7428312021	5046374.082492386	296070.40032819594	5053183.450781508
1708	1	297574.69087483396	5048371.454916044	297529.1918945283	5055122.2110719485
1709	1	299300.24347915745	5053534.7212067805	299678.74385949725	5046708.128351114
1710	1	296553.07028449315	5046836.88720398	299840.2420925237	5054207.707117087
1711	1	300676.2841147623	5052291.161117024	298678.0357784679	5054903.617479219
1712	1	296866.12432373996	5051773.55552534	301884.3466927897	5053903.289703224
1713	1	296864.23105282866	5043147.741727322	292173.194748535	5039150.334448434
1714	1	299012.39683144534	5044129.56476881	302326.70482129196	5050870.213964753
1715	1	297018.31599294004	5040114.776765978	292169.2061142754	5040284.835726107
1716	1	291695.74599253316	5045602.62449261	294452.3710806097	5045815.680751478
1717	1	292017.2738653588	5042262.645204878	288677.890354637	5039095.043731383
1718	1	292823.0746212338	5047544.287571513	289644.9190075307	5041075.717750724
1719	1	290458.8172982116	5044501.620016295	289877.3042178521	5042701.569999982
1720	1	297256.1292472162	5042824.546936372	300337.5235417465	5049227.821275678
1721	1	293082.58312729775	5039124.104103839	297096.90280684363	5035409.583855908
1722	1	297745.25879522576	5042635.119960298	295474.80522777716	5050611.660584045
1723	1	294226.8468630819	5048993.630550936	290929.8413269983	5044353.760670524
1724	1	297794.7182769475	5036793.939546111	301347.59859590424	5047053.392750336
1725	1	300111.6225585995	5053813.816939049	297393.08356134774	5036346.877330492
1726	1	300062.0181199699	5053056.543695529	295824.4312805154	5044828.579664957
1727	1	295760.7431064735	5049192.850110299	302262.2484856854	5053513.904853105
1728	1	295477.29989510606	5036184.535892384	298255.01615397254	5043925.041171104
1729	1	292024.8950331842	5045675.112093858	294736.23729898396	5050050.691450871
1730	1	288189.88162820105	5040866.112404374	291872.70726511406	5039062.397820394
1731	1	297849.2348638804	5054450.493837154	296919.82700173685	5035943.913036282
1732	1	296958.84587517416	5045218.470096396	295973.8782515242	5053112.787569681
1733	1	294950.1238384741	5046550.949683246	296946.6239794694	5045629.986306295
1734	1	300119.5338389298	5051409.953996802	299073.9240376275	5044006.198261325
1735	1	288652.8210912507	5041657.289796285	292767.1661317832	5039572.465200997
1736	1	293823.4596524673	5046662.173668226	296900.4580724044	5051531.317828447
1737	1	297637.1208778092	5045517.493006194	299438.0352140636	5049024.320458041
1738	1	291305.3937990898	5043459.910742388	294450.4441691992	5046853.24909504
1739	1	294300.8531668192	5037203.831467454	294858.48771760985	5047048.070768378
1740	1	301194.5478654724	5048044.396875517	293513.00603263814	5046242.410639235
1741	1	297310.7308595337	5054044.182373324	292148.00234700675	5040394.549342881
1742	1	297202.55472077226	5048570.388102394	295976.33380088554	5048319.521845747
1743	1	300787.1506025962	5053972.338887283	299352.5986293003	5045422.875779569
1744	1	294079.1663278098	5047568.478701649	295758.1043533876	5050598.572358299
1745	1	298828.3755447087	5052104.228023709	303074.26221902884	5053992.05242967
1746	1	299440.5541220285	5049614.407529241	295774.24299607537	5051693.291837687
1747	1	292283.6678745449	5046149.479955976	294452.89131498476	5042712.265522736
1748	1	297702.5640426111	5049942.043643157	294413.37067185604	5047380.168538509
1749	1	291257.0292427854	5040061.734684959	301849.08821401285	5053778.588765162
1750	1	298518.5544342106	5052086.583773464	300323.8192054888	5051425.98488846
1751	1	300111.0771667455	5048208.931455731	300892.8090242797	5054280.284592554
1752	1	299731.4970933807	5051781.288795437	300850.38818012155	5046897.725701428
1753	1	294940.00855168403	5036602.401455055	295939.2395277823	5037699.284465374
1754	1	295684.6310123374	5040872.003471922	299596.81152449036	5045383.841598336
1755	1	297734.840731801	5049689.469603805	302141.32354318904	5049742.199712577
1756	1	294951.75966764026	5043285.79793569	303307.38671272906	5052895.565860988
1757	1	302822.46522376296	5053387.3756148685	294679.74976110854	5049443.438703104
1758	1	298729.42146743834	5055043.935607951	291986.3247135367	5045551.294653919
1759	1	299511.8587272453	5048351.699640382	292575.7747520154	5042947.259943866
1760	1	293951.8397302685	5047295.297792863	301243.98214645905	5051689.684279895
1761	1	297292.42938032106	5038462.361967563	296664.5218488176	5039632.707047522
1762	1	299019.1205216554	5052024.850396283	293327.31233130634	5046725.674314163
1763	1	299494.72065637296	5052585.416196912	296844.9398399697	5054413.4995978875
1764	1	296787.70563821605	5046501.551824704	291453.54331675475	5042866.028405395
1765	1	297380.8265353318	5051116.716206173	291296.300309539	5040005.045129221
1766	1	296225.5811533024	5044172.931019427	297554.17078006326	5051583.598981281
1767	1	289493.1772815218	5042787.667052366	297790.4137996787	5054674.934544729
1768	1	292056.8786288981	5045447.667396034	298852.29923056735	5045859.654697918
1769	1	298968.01559493615	5039499.810379991	295970.1631355602	5049291.292396237
1770	1	299884.0943101297	5052758.099405715	298806.88846228214	5049509.378838415
1771	1	295292.77317665453	5040436.010308308	299123.9437137396	5054521.4025849635
1772	1	296770.853691488	5045841.333961715	289621.205501149	5040120.350464309
1773	1	300144.2646762108	5047425.801585745	297480.5197204658	5053800.9740517745
1774	1	303569.28976663534	5053803.636533984	302357.23389665596	5053797.971199046
1775	1	297291.6409661998	5049994.124891407	297459.03092520207	5050474.47946811
1776	1	293380.2527751182	5045335.133994669	301312.1095913056	5046745.524047423
1777	1	294931.55755692674	5039216.041795901	295841.7028282258	5049726.180230699
1778	1	296150.10442518373	5041067.814272315	291277.23623462947	5039253.3905899245
1779	1	294839.5630585347	5039121.429156333	291623.01281276887	5037756.076596093
1780	1	296937.2086302213	5054684.136737882	300698.18338787695	5052483.7018665895
1781	1	293354.2040746765	5043935.81951447	294623.3948435607	5046987.70207219
1782	1	297434.7838179862	5039995.895749687	301182.3644943274	5049167.17410482
1783	1	300120.64646087924	5046580.256768961	296557.71699160204	5044162.775772398
1784	1	299027.76791061804	5048639.5347258225	301954.3688728421	5054171.353421728
1785	1	301564.69944856374	5052609.558112682	297989.54864355334	5039936.6129354825
1786	1	299956.4106506498	5046813.430461839	292743.1347542283	5039844.289122517
1787	1	301999.078402422	5053468.209540362	296972.1762938475	5037295.818628972
1788	1	297670.9207651872	5054603.843794517	297054.38719042816	5054514.609917906
1789	1	300018.17248938984	5046104.045328689	294170.4801607737	5049115.273900452
1790	1	297468.0659681697	5043229.438832566	299060.3407255418	5051972.911490528
1791	1	290755.6447230262	5040408.948697554	289801.00913102884	5039468.121930263
1792	1	294381.95829963416	5039842.506618901	294571.3428902032	5047342.5486235535
1793	1	298058.0050756201	5044232.9243562175	298664.8504039986	5052025.164821766
1794	1	301589.1990494472	5049065.030860294	287833.64865254733	5039155.947949001
1795	1	301509.4932568677	5053123.630896657	300437.3952100922	5054121.882186683
1796	1	291872.343470293	5045730.43672408	295989.8459126432	5052494.480087022
1797	1	290566.1423222653	5038701.614365559	299277.80274078675	5050198.688289138
1798	1	291424.91633823595	5045813.968638581	290214.15419070155	5041064.132435051
1799	1	298585.5288396611	5042562.761040274	292613.8035168669	5045015.238997238
1800	1	288112.0955710807	5039815.672505086	297318.2884649982	5038480.5317545505
1801	1	293699.3277747438	5039513.298565734	294673.76946333336	5037487.906100021
1802	1	297277.27618185634	5048856.587052422	296748.3409396396	5039595.893304914
1803	1	291355.1281968935	5044199.889943574	291677.1581545443	5045416.839371272
1804	1	293085.2786724729	5038136.71568155	298851.7300322606	5047369.80327534
1805	1	296753.01299344725	5036820.037239408	300261.377089958	5049623.626887029
1806	1	293275.3554116296	5046691.438638349	297759.2757341466	5038722.844239817
1807	1	290045.81216336705	5038266.108969754	300133.1586738141	5053120.683786309
1808	1	299973.8419254796	5043406.975959297	300317.51645118813	5051441.994481355
1809	1	291857.9655308521	5046439.495050782	298768.128616282	5039128.048561403
1810	1	300135.7616101064	5051216.348098954	294807.31565555563	5047192.889652824
1811	1	298155.7009983973	5038947.96498935	299547.0792280993	5050501.1821484
1812	1	293876.9576508619	5046223.049840308	297285.34046154446	5054097.849039997
1813	1	301835.0277430136	5054255.405214663	299365.65052481	5053691.169396105
1814	1	300001.97997832444	5053129.480560259	301498.5505366806	5051318.5532794325
1815	1	299176.6631940839	5042703.205613233	301118.18265252677	5053654.96344297
1816	1	298745.49567483255	5038975.663392116	297245.962323964	5045873.985777688
1817	1	296654.336166763	5037414.670901464	292402.5558503294	5047342.84582373
1818	1	296917.03495753213	5052654.218924187	299314.613480842	5054209.025237944
1819	1	293655.8867123725	5049314.073104358	294732.11451554263	5044214.25291816
1820	1	297022.27213486814	5051009.273335594	303155.4294578075	5052094.976281357
1821	1	294988.1112864439	5049578.471691524	298206.10096424504	5050345.6641554
1822	1	298576.8586347737	5044009.005092423	295249.92801561864	5041468.395977577
1823	1	299027.49189421855	5054632.312217151	291666.79879300855	5040158.131601076
1824	1	300006.7358269947	5044963.5840758495	294112.26674667076	5037504.599343707
1825	1	293379.24350646115	5048337.04120893	288345.94860062376	5039645.444443805
1826	1	291612.8305967219	5043432.9173594685	294549.00521751354	5050663.434451071
1827	1	301165.85656508483	5048429.29533284	296567.4542540507	5045348.907960601
1828	1	297705.21322327736	5054760.5532103	291942.86159856815	5044106.017013202
1829	1	292184.6074968053	5044387.378735881	296200.93938965723	5038966.642808678
1830	1	298533.26946948556	5051757.368206144	293122.42074744846	5043391.593295079
1831	1	293025.465211758	5040586.03608009	290103.856604919	5040229.83818178
1832	1	297369.9116065018	5038037.074765071	292970.76441149734	5040856.689164298
1833	1	292334.66561874584	5046742.893979631	296718.0330684056	5049559.531934609
1834	1	295001.91142710746	5049038.169710124	296773.26401813835	5052542.87493794
1835	1	292217.3312972611	5042629.91640914	291424.214668929	5040591.342785836
1836	1	297244.6257695987	5051304.60767854	297244.8975758509	5044360.60867782
1837	1	296012.7525120383	5053064.2037711395	295928.9550961049	5044818.990135074
1838	1	295459.83407129487	5039518.3143950105	295770.21873032517	5051863.091963429
1839	1	300773.9049253977	5051013.047330529	299388.92132344266	5054184.502777668
1840	1	293011.30290734756	5048209.019741641	301160.19709580025	5053184.495621779
1841	1	297497.9567411658	5051014.831351129	298560.6757757351	5044344.143989988
1842	1	299513.138449837	5052536.270126877	289653.8025319529	5043104.175365344
1843	1	300859.1450788768	5046963.316717956	294940.640282816	5050973.923772666
1844	1	302554.3615605305	5050252.463537498	295303.2717153334	5045791.276508969
1845	1	296606.0742387949	5048451.044374316	293547.22081905423	5045720.2965833
1846	1	295531.9445944295	5049101.909381498	298114.1983121475	5046513.704168295
1847	1	292794.179846438	5044383.547698936	300840.1133882862	5046525.787437351
1848	1	298767.46125214617	5054847.444692147	300311.4987850942	5051466.168529339
1849	1	297229.61240949377	5044482.606056781	301238.8803556305	5048361.893035701
1850	1	292693.3069877454	5040646.619276171	295648.8012990035	5045722.148548987
1851	1	296138.42584641185	5053407.4809551835	295512.3846933469	5038470.459866949
1852	1	303367.91366338084	5052467.466163719	294489.8625607093	5045430.587664329
1853	1	298199.3792719279	5040341.74317384	295739.86479914305	5039346.359863111
1854	1	293476.7989249996	5046251.4126562355	294502.7990240761	5049297.782999663
1855	1	299687.68979946617	5051705.529739793	299020.5061448149	5051407.229442597
1856	1	298332.5445698094	5039531.849685127	294732.91258875653	5044747.329091911
1857	1	295936.51930352236	5041616.279119237	293514.76697564154	5047916.15089975
1858	1	291608.376084285	5046164.967814797	289702.3317452478	5043196.218722837
1859	1	292641.47831493284	5044589.727292477	294316.0617300431	5040146.6609048005
1860	1	296690.01258163975	5042508.589827634	290890.10667271214	5038117.828810253
1861	1	299386.52438931435	5053227.586613219	297885.65346862626	5039479.215918571
1862	1	291794.1878910362	5042963.094037684	291508.8676261155	5038285.2478316985
1863	1	295100.125874061	5043520.659500184	296367.80041302956	5043509.765620687
1864	1	294449.44788533566	5050633.160674514	293588.517898986	5040312.219596038
1865	1	303591.4626009898	5053647.651364917	299851.7816135336	5043666.690217615
1866	1	302526.0082481062	5053270.873452517	302419.211945679	5051323.214933783
1867	1	294451.40271246154	5045749.744962668	301810.88736301096	5053239.217020342
1868	1	298103.74355147046	5043477.829505938	301053.7078067036	5046137.904759479
1869	1	292596.15092727164	5046744.82478499	290292.98800431524	5038948.252162592
1870	1	299133.62267450953	5053676.945516564	300245.07905299444	5044604.787101349
1871	1	297188.8567732596	5047063.353534055	299004.70438195695	5051753.532121361
1872	1	294726.8782322219	5049331.303659746	301083.52360204357	5046873.1540528685
1873	1	300803.51056058204	5046410.556812872	295876.7973369884	5038762.279170134
1874	1	296644.9697746047	5044065.839068715	295196.2559639396	5043045.64712575
1875	1	296023.5280968343	5045856.980764218	291711.34422205086	5045199.845014662
1876	1	296090.73786909383	5045314.666204362	293678.14908589405	5040160.239449689
1877	1	301650.9946817921	5051106.568488089	295600.6076213494	5042829.298321918
1878	1	295390.96768862224	5040431.997276866	291334.8243125053	5045897.227390724
1879	1	292773.26223745535	5037653.77043799	298799.491888135	5053888.323774633
1880	1	294601.1245000568	5039733.553418156	287622.97942900856	5039345.666379131
1881	1	289449.9044859489	5041296.659635242	292646.255250102	5038632.927353861
1882	1	296399.0693668054	5052627.532198714	297885.1695591191	5042533.375299941
1883	1	296986.50961600716	5051694.835466027	296200.3444843658	5051617.093063071
1884	1	300764.96966003516	5047433.650713649	298928.9095978808	5042047.611772053
1885	1	293043.4589863974	5045541.083060635	300960.38275534415	5049863.322229469
1886	1	297022.5823380446	5050947.146142362	298730.3967828369	5038997.3203111105
1887	1	294869.3817306622	5050759.357835431	297935.2813564746	5045489.204799719
1888	1	297598.5018218204	5050584.717869454	296654.9187278291	5041915.32319535
1889	1	301463.1170161167	5049821.860047091	295614.3271780951	5048320.061099861
1890	1	295223.9301350013	5051555.891262946	299652.25851789233	5052884.372109105
1891	1	298558.28585697786	5054420.148422617	292639.6167834541	5040270.489954493
1892	1	294044.01630324824	5050005.0736984825	300015.57796062063	5052736.6344003035
1893	1	294245.46783664427	5047557.024929759	301062.86819798074	5046398.9041579785
1894	1	293247.9333642439	5047171.011397782	296296.62158460036	5042360.823316637
1895	1	297051.20076376054	5045718.570359404	302059.67251922406	5050933.933575276
1896	1	298734.7026494562	5049794.72474896	294095.8321982881	5047027.532297031
1897	1	294309.4230542293	5040958.666816619	294072.53388608573	5049325.692074336
1898	1	291445.2234411455	5041053.678367309	298312.60460820096	5046031.8258471675
1899	1	300634.8445957979	5053513.930970568	291613.33085554343	5045646.0014866935
1900	1	297637.9794090708	5045046.835477463	297383.754422351	5035799.732573364
1901	1	293967.47117982706	5041899.453774908	295970.6607809771	5042409.736853853
1902	1	299414.284148502	5052269.547774138	298615.1902287947	5052166.590814029
1903	1	298154.13848900644	5054838.186917675	296153.78248690435	5047877.987147675
1904	1	299282.29461586993	5051548.516514394	300922.05296267645	5045202.928868668
1905	1	299043.55353364244	5041323.829391031	289743.0207993222	5042462.660040271
1906	1	296230.61022475973	5051209.26277641	298516.6498253776	5052372.868336739
1907	1	298166.2996476313	5037235.748663094	302674.2841355835	5050263.326251687
1908	1	294830.11247175996	5046013.922245644	299079.6807443184	5043021.577865949
1909	1	300272.11018936563	5054349.5629647225	300283.7338500281	5049000.599774892
1910	1	299352.366713838	5051958.83633421	293184.36120774306	5048696.862190724
1911	1	298634.58771849517	5045114.493163243	296742.4331745319	5045529.751669517
1912	1	296624.665219255	5050742.253861388	300236.71561256296	5045938.423159577
1913	1	298250.5764021914	5038727.804233606	295912.8112219641	5040349.675351687
1914	1	294231.1264827139	5049387.878150066	298292.1584993305	5051883.65236785
1915	1	301596.8815492644	5053033.657034807	293661.9675040198	5039872.063647803
1916	1	287926.0788678134	5040351.483805978	292983.15338620584	5041517.910512963
1917	1	296703.20564023696	5048136.654266536	293757.53141465696	5043180.662513843
1918	1	297939.96554760495	5053451.2774497345	298047.7661906119	5051926.945706206
1919	1	299556.4335076942	5051860.89161179	300015.5285800416	5047952.820435281
1920	1	300236.5297127479	5050451.544657951	298046.5931983287	5039369.182613552
1921	1	296324.81407815847	5050053.283118895	298397.31722342124	5041737.368374137
1922	1	297768.3998962987	5050143.498295524	291467.9403188933	5039902.582214334
1923	1	297077.75573967514	5051782.194420713	303460.8304580803	5053715.334379385
1924	1	293347.09929262934	5043534.429669295	300163.0533588009	5052697.322798932
1925	1	298919.1250023385	5050309.220682116	294792.9359180486	5050608.916514675
1926	1	301096.89760977856	5052438.169116618	299263.0034483274	5051511.057724551
1927	1	293697.6290653967	5046140.793960332	292171.16739916394	5044359.88406474
1928	1	298758.80852586456	5039688.917287873	292286.06208232266	5043526.762973054
1929	1	296401.3539087776	5037030.776880347	300185.83641561074	5048733.57661119
1930	1	297654.0971763377	5046948.7444382105	299607.9757840877	5053595.0561409015
1931	1	295376.44931036944	5048856.208279672	295076.8453265157	5051713.1905161245
1932	1	297948.2243695256	5051734.241350292	296517.35128388664	5047835.355769204
1933	1	295930.7862670324	5046761.388549862	295951.55958665774	5047227.91945578
1934	1	295920.47903559083	5040274.513231898	296037.864304337	5043569.551171247
1935	1	289864.6547912458	5038824.960551181	292133.4511644334	5041657.7028802065
1936	1	294492.5084702942	5046295.667334235	293730.9203076617	5041999.778034739
1937	1	297524.2481136193	5050385.300405372	295148.834998989	5041692.3760247
1938	1	299383.38018797344	5054715.800785606	294179.282210971	5043087.888755708
1939	1	297027.53885261796	5048083.177507236	295815.05851806793	5052943.703685296
1940	1	295808.04136861785	5049998.538828184	301736.46450925374	5054393.665312706
1941	1	294395.3313113538	5048095.412435225	299227.1345738868	5048256.371676162
1942	1	297687.03908734844	5038315.579331332	289439.652576334	5042677.265818041
1943	1	292048.0462620815	5040703.2739961725	294854.9590811465	5037183.181185221
1944	1	292988.6149707549	5046109.965902692	295984.2143891077	5050130.289222662
1945	1	294473.53510354285	5041030.60360005	297586.80005546456	5049151.672956484
1946	1	298032.36235163605	5042949.164569182	297910.77663534356	5040530.299043312
1947	1	294634.577151674	5048776.098607115	296917.56555666804	5053799.079358716
1948	1	292665.5047209483	5044779.063101962	296796.94192349544	5053270.248507223
1949	1	295343.3454886378	5049361.13631049	295554.59418245347	5052577.139207974
1950	1	295835.3697185788	5043529.4080049265	291889.03972862073	5046818.933874055
1951	1	298696.28369670955	5047495.520292894	290461.21935315215	5042630.030205815
1952	1	300429.78438488935	5051990.965807663	295212.812562232	5037874.888603173
1953	1	293304.2169215708	5048571.28714521	299101.24786353775	5054467.65577652
1954	1	299143.7313831296	5051585.280983746	300394.61328599276	5051986.605609279
1955	1	296456.52017176495	5036861.53752998	299324.3517675536	5041641.190928276
1956	1	291648.66703126207	5044415.979179801	290411.7166617193	5038790.566175849
1957	1	302141.03896681254	5050766.64368092	297149.3670790721	5049221.259407892
1958	1	292466.7275430212	5046716.973438045	297632.1493840419	5053425.1879309835
1959	1	296681.45874988637	5054138.988330174	302971.377290605	5052466.912301386
1960	1	299170.8943274812	5052726.318580476	302368.29438518063	5052665.972044847
1961	1	302175.886982573	5052476.206669842	289754.23715614754	5041741.228393496
1962	1	295635.6315734467	5038772.480217248	297227.3131529289	5041914.793013846
1963	1	296077.94100060005	5038456.504377704	295814.76528871764	5049705.6835187785
1964	1	292182.41953158064	5045566.133509196	291555.5610866995	5044788.332206227
1965	1	291802.47017954744	5042312.687293592	295062.4699271541	5050590.609493183
1966	1	292544.1820254226	5045696.179620433	298699.890954328	5049032.728840642
1967	1	299575.08052669617	5044564.985112598	301271.2706108218	5049870.446545647
1968	1	297632.648987637	5050933.140151624	297070.8393255583	5036029.099831511
1969	1	290975.71002813015	5043030.325946293	289183.6824787471	5042172.225445654
1970	1	293207.8648698929	5040365.401968817	298826.03208182356	5044955.210156343
1971	1	294593.711203144	5040246.290310146	299751.65142365574	5051862.044182753
1972	1	292024.24447649554	5039908.528107627	295270.197133949	5037672.219962601
1973	1	301647.5414007606	5049389.183158141	297354.8667012822	5051515.233137509
1974	1	298256.3433120648	5042153.869098432	299550.1848510758	5054763.24517532
1975	1	291628.35741502466	5040252.596512808	297521.56930281635	5049168.516033863
1976	1	300067.2884647043	5051489.805258825	302708.55564343714	5052966.493927045
1977	1	299728.1779227563	5045030.653985195	295483.2998756515	5035981.582096375
1978	1	291066.90209935524	5042537.284915102	299292.48683510046	5041973.948589126
1979	1	296546.308442182	5048534.95646837	295626.48352717236	5043675.764623178
1980	1	299929.0421708474	5045508.908150169	299475.15665552526	5051261.761834803
1981	1	292364.3042389602	5040603.938305366	294300.70818694285	5045985.038314114
1982	1	299694.9736706193	5049699.260284064	299989.70167380135	5049189.501469847
1983	1	294430.29138940206	5038666.228167068	296609.26948902966	5054437.836120389
1984	1	297985.0485702515	5052828.578455723	294080.8745611548	5044834.382395391
1985	1	293710.22727774706	5048056.686044294	293107.9679593379	5041984.855139706
1986	1	302075.2489200577	5049487.687918662	295720.48865422496	5044245.33173276
1987	1	303136.4123116417	5052739.843113269	302950.7377428415	5053848.265650078
1988	1	296834.8871097748	5036586.667208127	294483.2854994002	5048121.578053714
1989	1	293571.0143563239	5045788.251142629	299776.0251794802	5053030.881832661
1990	1	293470.0828521961	5043196.478407777	295517.75242229813	5045689.311681347
1991	1	295452.1132298138	5037884.255817526	297666.3687705984	5048567.883313553
1992	1	293867.03034743964	5039040.231945637	292424.8504767064	5039870.487474641
1993	1	302203.34419026587	5049454.568044972	293850.26614772493	5045188.40666518
1994	1	299207.2762348872	5048094.91192929	290291.0764051194	5041600.674880129
1995	1	293073.2387574923	5047149.4415779635	299077.1654141447	5055008.782698042
1996	1	299314.8204305765	5053630.309646648	296892.6392105211	5035731.116723224
1997	1	301821.69320892834	5053504.269069439	296891.00854232715	5050803.916483283
1998	1	294263.82740292023	5047134.854552989	296323.27649928373	5039093.324729456
1999	1	294781.00912149914	5037845.194218844	296167.36826915515	5044461.186427549
2000	1	298035.19660987775	5047252.064608315	301262.65116611164	5047285.393901433
